	Lymphly	BN2	EZB	JS3	JS6	MCD	N1	MYC+	TP53+	Decision_Features	Algorithm_Step	N_mutations	Core_BN2	Core_EZB	Core_JS3	Core_JS6	Core_MCD	Core_N1	Core_mol_findings	Extended_BN2	Extended_EZB	Extended_JS3	Extended_JS6	Extended_MCD	Extended_MYC+	Extended_TP53+	Extended_mol_findings
DLBCL10478	JS3	No	No	Yes	No	No	No	No	Yes	TET2_105233943-105276519_FRAME_SHIFT/TP53_Y220C	Core genes	1342	0	0	1	0	0	0	TET2_105233943-105276519_FRAME_SHIFT	0	2	0	0	0	0	1	IRF8_85921150-85921279_FRAME_SHIFT/SMARCA4_10984152-11061816_FRAME_SHIFT/TP53_Y220C
DLBCL11439	BN2	Yes	No	No	No	No	No	Yes	Yes	NOTCH2_119915309-119916694_FRAME_SHIFT/CCND3_41935943-41936095_FRAME_SHIFT/TP53_R282W	Core genes	1324	1	0	0	0	0	0	NOTCH2_119915309-119916694_FRAME_SHIFT	2	3	1	0	1	1	1	BCL10_85267630-85270618_FRAME_SHIFT/CARD11_R113Q/CCND3_41935943-41936095_FRAME_SHIFT/CREBBP_3727721-3879911_FRAME_SHIFT/GNA13_65014257-65056593_FRAME_SHIFT/SETD1B_121804738-121830239_FRAME_SHIFT/DNMT3A_25234279-25313984_FRAME_SHIFT/KLHL14_32674657-32770591_FRAME_SHIFT/TP53_R282W
DLBCL11512	JS3	No	No	Yes	No	No	No	No	Yes	DUSP2_96144770-96145032_MISSENSE/STAT3_P715L/TP53_G245S/TP53_CNA_GENE	Core genes	919	1	1	2	1	0	0	BCL2_63318220-63318357_MISSENSE/BCL6_TRANSLOC/DUSP2_96144770-96145032_MISSENSE/STAT3_P715L/SOCS1_11254843-11255478_NONSENSE	0	0	0	2	1	0	2	CD58_116514813-116570972_FRAME_SHIFT/CD58_116514813-116570972_MISSENSE/IKZF3_L162R/TP53_G245S/TP53_CNA_GENE
DLBCL10837	EZB/MCD	No	Yes	No	No	Yes	No	Yes	No	ARID1A_26696404-26780756_FRAME_SHIFT/FBXO11_47808118-47905720_FRAME_SHIFT/GNA13_65014257-65056593_FRAME_SHIFT/SETD1B_121804738-121830239_FRAME_SHIFT/PIM1_37171125-37171491_MISSENSE/CDKN2A_CNA_GENE/BCL2_CNA_GENE/MALT1_CNA_GENE/CCND3_41935943-41936095_FRAME_SHIFT	Hierarchy extended	436	0	0	0	0	0	0		2	4	0	1	4	1	0	ARID1A_26696404-26780756_FRAME_SHIFT/FBXO11_47808118-47905720_FRAME_SHIFT/GNA13_65014257-65056593_FRAME_SHIFT/SETD1B_121804738-121830239_FRAME_SHIFT/CCND3_41935943-41936095_FRAME_SHIFT/PIM1_37171125-37171491_MISSENSE/CDKN2A_CNA_GENE/BCL2_CNA_GENE/MALT1_CNA_GENE/TMEM30A_75256102-75284638_FRAME_SHIFT/TNFAIP3_137871228-137881319_FRAME_SHIFT/ZFP36L1_68789533-68792938_FRAME_SHIFT
CTSP-AD4F	JS3	No	No	Yes	No	No	No	Yes	No	DUSP2_96144770-96145032_FRAME_SHIFT/DUSP2_96144770-96145032_MISSENSE/MYC_T73N	Core mutations	418	0	0	2	1	0	0	DUSP2_96144770-96145032_FRAME_SHIFT/DUSP2_96144770-96145032_MISSENSE/SOCS1_G78R	0	1	2	1	3	1	0	BTG1_92144080-92145535_FRAME_SHIFT/PIM1_L2V/PIM1_37171125-37171491_MISSENSE/MYC_T73N/NFKBIA_35402013-35404644_NONSENSE/SETD1B_121804738-121830239_FRAME_SHIFT/SGK1_134172199-134207425_FRAME_SHIFT/SGK1_134172199-134207425_MISSENSE
DLBCL11655	JS3	No	No	Yes	No	No	No	No	No	DUSP2_96144770-96145032_MISSENSE/JUNB_12791772-12792815_FRAME_SHIFT/JUNB_A282V/KRAS_25245346-25245351_MISSENSE/SGK1_134172199-134207425_MISSENSE	Core+extended genes	288	1	0	1	0	0	0	BCL6_TRANSLOC/DUSP2_96144770-96145032_MISSENSE	1	1	4	1	3	0	0	ARID1A_26696404-26780756_NONSENSE/BTG1_92144080-92145535_FRAME_SHIFT/BTG2_203305607-203307438_FRAME_SHIFT/PIM1_37171125-37171491_MISSENSE/CD58_116514813-116570972_MISSENSE/JUNB_12791772-12792815_FRAME_SHIFT/JUNB_A282V/KRAS_25245346-25245351_MISSENSE/SGK1_134172199-134207425_MISSENSE/TNFAIP3_137871228-137881319_NONSENSE
CTSP-AD28	JS6	No	No	No	Yes	No	No	No	No	SOCS1_11254843-11255478_FRAME_SHIFT	Core genes	285	0	0	0	1	0	0	SOCS1_11254843-11255478_FRAME_SHIFT	1	0	1	5	1	0	0	JUNB_12791772-12792815_FRAME_SHIFT/NFKBIE_44259219-44265346_FRAME_SHIFT/XPO1_E571K/JAK2_CNA_GENE/CD274_CNA_GENE/PDCD1LG2_CNA_GENE/PIM1_L2F/TNFAIP3_137871228-137881319_NONSENSE
DLBCL11677	BN2	Yes	No	No	No	No	No	No	No	BCL6_TRANSLOC	Core genes	276	1	0	0	0	0	0	BCL6_TRANSLOC	0	0	0	1	0	0	0	CD58_116514813-116570972_NONSENSE
DLBCL11494	BN2	Yes	No	No	No	No	No	No	No	CD70_6586020-6591002_FRAME_SHIFT/TMEM30A_75256102-75284638_FRAME_SHIFT/TNFAIP3_137871228-137881319_FRAME_SHIFT	Extended genes	253	0	0	0	0	0	0		3	2	1	0	1	0	0	ARID1A_26696404-26780756_FRAME_SHIFT/CREBBP_3727721-3879911_FRAME_SHIFT/BTG1_92144080-92145535_NONSENSE/CD70_6586020-6591002_FRAME_SHIFT/TMEM30A_75256102-75284638_FRAME_SHIFT/TNFAIP3_137871228-137881319_FRAME_SHIFT/SGK1_134172199-134207425_MISSENSE
TCGA-GS-A9TZ	JS6	No	No	No	Yes	No	No	Yes	Yes	SOCS1_11254843-11255478_FRAME_SHIFT/MYC_CNA_GENE/TP53_CNA_GENE	Core genes	237	0	0	0	1	0	0	SOCS1_11254843-11255478_FRAME_SHIFT	1	0	0	5	1	1	1	CD58_116514813-116570972_NONSENSE/NFKBIE_44259219-44265346_FRAME_SHIFT/JAK2_CNA_GENE/CD274_CNA_GENE/PDCD1LG2_CNA_GENE/TNFAIP3_137871228-137881319_NONSENSE/TP53_CNA_GENE/TBL1XR1_CNA_GENE/MYC_CNA_GENE
DLBCL11479	EZB	No	Yes	No	No	No	No	No	No	ARID1A_26696404-26780756_FRAME_SHIFT/ARID1A_26696404-26780756_NONSENSE	Extended genes	235	0	0	0	0	0	0		0	2	0	0	0	0	0	ARID1A_26696404-26780756_FRAME_SHIFT/ARID1A_26696404-26780756_NONSENSE
CTSP-ACYX	BN2	Yes	No	No	No	No	No	No	Yes	BCL6_TRANSLOC/TP53_CNA_GENE	Core genes	222	1	0	0	0	0	0	BCL6_TRANSLOC	0	0	0	0	4	0	1	BTG1_92144080-92145535_NONSENSE/KLHL14_32674657-32770591_NONSENSE/PIM1_P81S/PIM1_37171125-37171491_MISSENSE/TP53_CNA_GENE
CTSP-B02I	BN2	Yes	No	No	No	No	No	No	Yes	BCL6_TRANSLOC/TMEM30A_CNA_GENE/TP53_R273C/TP53_CNA_GENE	Core+extended genes	221	1	0	1	0	0	0	BCL6_TRANSLOC/DUSP2_96144770-96145032_MISSENSE	1	0	0	2	2	0	2	MYD88_S206C/PIM1_37171125-37171491_MISSENSE/TP53_R273C/TP53_CNA_GENE/NFKBIE_CNA_GENE/CD58_CNA_GENE/TMEM30A_CNA_GENE
DLBCL11455	JS3/JS6	No	No	Yes	Yes	No	No	No	No	SOCS1_11254843-11255478_FRAME_SHIFT/STAT3_D661Y	Hierarchy core	216	0	0	1	1	0	0	SOCS1_11254843-11255478_FRAME_SHIFT/STAT3_D661Y	0	0	1	1	0	0	0	CD58_116514813-116570972_FRAME_SHIFT/SOCS3_78358418-78359095_FRAME_SHIFT
DLBCL10543	JS3	No	No	Yes	No	No	No	No	No	SGK1_134172199-134207425_FRAME_SHIFT/SOCS3_78358418-78359095_NONSENSE	Extended genes	211	0	0	0	0	0	0		0	1	2	1	0	0	0	CD58_116514813-116570972_NONSENSE/GNA13_65014257-65056593_FRAME_SHIFT/SGK1_134172199-134207425_FRAME_SHIFT/SOCS3_78358418-78359095_NONSENSE
DLBCL10919	MCD	No	No	No	No	Yes	No	No	Yes	KLHL14_32674657-32770591_FRAME_SHIFT/KLHL14_32674657-32770591_NONSENSE/PIM1_37171125-37171491_MISSENSE/TP53_Y234N/TP53_R337C	Extended mutations	207	0	0	0	0	0	0		0	1	0	2	3	0	2	CREBBP_3727721-3879911_FRAME_SHIFT/KLHL14_32674657-32770591_FRAME_SHIFT/KLHL14_32674657-32770591_NONSENSE/PIM1_37171125-37171491_MISSENSE/NFKBIA_35402013-35404644_FRAME_SHIFT/NFKBIE_44259219-44265346_NONSENSE/TP53_Y234N/TP53_R337C
DLBCL10450	JS3	No	No	Yes	No	No	No	Yes	No	DUSP2_96144770-96145032_MISSENSE/CCND3_41935943-41936095_NONSENSE/MYC_TRANSLOC/CCND3_41935943-41936095_NONSENSE/MYC_TRANSLOC	Core genes	206	0	0	1	0	0	0	DUSP2_96144770-96145032_MISSENSE	1	0	0	0	5	2	0	BTG2_203305607-203307438_NONSENSE/KLHL14_32674657-32770591_NONSENSE/PIM1_L2F/PIM1_37171125-37171491_MISSENSE/CDKN2A_CNA_GENE/CCND3_41935943-41936095_NONSENSE/MYC_TRANSLOC/CD70_6586020-6591002_FRAME_SHIFT
DLBCL11491	MCD	No	No	No	No	Yes	No	No	No	CD79B_Y196H	Core genes	204	0	0	0	0	1	0	CD79B_Y196H	0	0	0	1	0	0	0	CD58_CNA_GENE
TCGA-GS-A9TW	JS6	No	No	No	Yes	No	No	Yes	Yes	SOCS1_11254843-11255478_FRAME_SHIFT/MYC_CNA_GENE/TP53_CNA_GENE	Core genes	196	0	0	0	1	0	0	SOCS1_11254843-11255478_FRAME_SHIFT	0	0	0	4	0	1	1	XPO1_E571K/JAK2_CNA_GENE/CD274_CNA_GENE/PDCD1LG2_CNA_GENE/TP53_CNA_GENE/MYC_CNA_GENE
DLBCL10940	MCD	No	No	No	No	Yes	No	No	No	CD79B_Y196S/MYD88_L252P	Core genes	195	0	0	0	0	2	0	CD79B_Y196S/MYD88_L252P	0	1	0	1	6	0	0	BTG1_Q36H/CD79B_H225Y/PIM1_L2F/PIM1_P81S/PIM1_37171125-37171491_MISSENSE/TBL1XR1_Y395C/IRF8_85921150-85921279_NONSENSE/ZFP36L1_68789533-68792938_FRAME_SHIFT
DLBCL10492	BN2	Yes	No	No	No	No	No	No	No	BCL6_TRANSLOC	Core genes	193	1	0	0	0	0	0	BCL6_TRANSLOC	0	0	0	0	3	0	0	BTG2_203305607-203307438_FRAME_SHIFT/MYD88_S206C/PIM1_37171125-37171491_MISSENSE
DLBCL11500	MCD	No	No	No	No	Yes	No	No	No	MYD88_L252P/PIM1_E79D/PIM1_37171125-37171491_MISSENSE/CDKN2A_CNA_GENE/SPIB_CNA_GENE	Core+extended genes	181	0	0	1	0	1	0	MYD88_L252P/TET2_105233943-105276519_FRAME_SHIFT	1	0	0	0	4	0	0	PIM1_E79D/PIM1_37171125-37171491_MISSENSE/CDKN2A_CNA_GENE/SPIB_CNA_GENE/TMEM30A_75256102-75284638_FRAME_SHIFT
DLBCL11519	JS6	No	No	No	Yes	No	No	Yes	No	STAT6_D419N/CD58_116514813-116570972_FRAME_SHIFT/NFKBIE_44259219-44265346_FRAME_SHIFT/JAK2_CNA_GENE/CD274_CNA_GENE/PDCD1LG2_CNA_GENE/CCND3_41935943-41936095_FRAME_SHIFT	Core+extended genes	181	0	0	1	1	0	0	DUSP2_96144770-96145032_MISSENSE/STAT6_D419N	1	0	0	5	0	1	0	CCND3_41935943-41936095_FRAME_SHIFT/CD58_116514813-116570972_FRAME_SHIFT/NFKBIE_44259219-44265346_FRAME_SHIFT/JAK2_CNA_GENE/CD274_CNA_GENE/PDCD1LG2_CNA_GENE/TNFAIP3_137871228-137881319_FRAME_SHIFT
DLBCL11656	EZB	No	Yes	No	No	No	No	No	No	BCL2_TRANSLOC/EZH2_Y641C	Core genes	180	0	2	0	0	0	0	BCL2_TRANSLOC/EZH2_Y641C	0	3	0	1	0	0	0	ARID1A_26696404-26780756_FRAME_SHIFT/GNA13_65014257-65056593_FRAME_SHIFT/TNFRSF14_C42Y/STAT6_CNA_GENE
DLBCL10866	MCD	No	No	No	No	Yes	No	No	No	MYD88_L252P/BTG1_92144080-92145535_FRAME_SHIFT/PIM1_G28D/PIM1_S75F/PIM1_37171125-37171491_MISSENSE/CDKN2A_CNA_GENE	Core+extended genes	178	0	1	0	0	1	0	BCL2_63318463-63318573_MISSENSE/MYD88_L252P	1	1	0	2	5	0	0	BTG1_92144080-92145535_FRAME_SHIFT/PIM1_G28D/PIM1_S75F/PIM1_37171125-37171491_MISSENSE/CDKN2A_CNA_GENE/KLF2_16324924-16327031_NONSENSE/NFKBIE_44259219-44265346_NONSENSE/CD58_CNA_GENE/SETD1B_121804738-121830239_FRAME_SHIFT
DLBCL10782	BN2	Yes	No	No	No	No	No	No	Yes	BCL6_TRANSLOC/TP53_G245D	Core genes	176	1	0	0	0	0	0	BCL6_TRANSLOC	1	1	2	0	2	0	1	BTG2_203305607-203307438_NONSENSE/PIM1_P81S/CD70_6586020-6591002_NONSENSE/PTPN6_6951513-6960920_NONSENSE/SGK1_134172199-134207425_MISSENSE/TP53_G245D/REL_CNA_GENE
DLBCL11590	EZB	No	Yes	No	No	No	No	Yes	No	EZH2_A687V/CCND3_41935943-41936095_NONSENSE	Core genes	176	0	1	0	0	0	0	EZH2_A687V	0	0	0	0	1	1	0	CCND3_41935943-41936095_NONSENSE/MYD88_S206C
DLBCL10488	BN2	Yes	No	No	No	No	No	No	Yes	BCL6_TRANSLOC/NOTCH2_119915309-119916694_NONSENSE/TP53_CNA_GENE	Core genes	176	2	0	0	0	0	0	BCL6_TRANSLOC/NOTCH2_119915309-119916694_NONSENSE	0	2	0	0	1	0	1	IRF8_85921150-85921279_FRAME_SHIFT/TNFRSF14_2556665-2563273_FRAME_SHIFT/CDKN2A_CNA_GENE/TP53_CNA_GENE
DLBCL11194	MCD	No	No	No	No	Yes	No	No	No	MYD88_L252P	Core genes	175	0	0	0	0	1	0	MYD88_L252P	1	0	0	0	6	0	0	BTG2_203305607-203307438_FRAME_SHIFT/BTG2_203305607-203307438_NONSENSE/PIM1_Q37H/PIM1_E79D/PIM1_P81S/PIM1_37171125-37171491_MISSENSE/CD70_6586020-6591002_NONSENSE
DLBCL11589	EZB	No	Yes	No	No	No	No	No	No	BCL2_63318463-63318573_MISSENSE/BCL2_TRANSLOC	Core genes	174	0	2	0	0	0	0	BCL2_63318463-63318573_MISSENSE/BCL2_TRANSLOC	0	2	1	0	0	0	0	IRF8_N87Y/TNFRSF14_2556665-2563273_FRAME_SHIFT/SGK1_134172199-134207425_MISSENSE
DLBCL10544	JS6	No	No	No	Yes	No	No	No	No	SOCS1_11254843-11255478_NONSENSE	Core genes	173	0	0	0	1	0	0	SOCS1_11254843-11255478_NONSENSE	2	1	2	3	1	0	0	CD83_A17T/NFKBIA_35402013-35404644_NONSENSE/ZFP36L1_68789533-68792938_FRAME_SHIFT/GNA13_65014257-65056593_NONSENSE/PIM1_37171125-37171491_MISSENSE/SGK1_134172199-134207425_FRAME_SHIFT/SGK1_134172199-134207425_MISSENSE/SPEN_15848068-15939427_NONSENSE/CD70_CNA_GENE
DLBCL11585	EZB	No	Yes	No	No	No	No	No	No	BCL2_63318463-63318573_MISSENSE/BCL2_TRANSLOC/EZH2_Y641N	Core genes	173	0	3	0	1	0	0	BCL2_63318463-63318573_MISSENSE/BCL2_TRANSLOC/EZH2_Y641N/STAT6_D419G	1	2	1	0	2	0	0	ARID1A_26696404-26780756_NONSENSE/CREBBP_3731264-3744909_MISSENSE/CARD11_L251P/MYD88_S206C/PIM1_37171125-37171491_MISSENSE/SGK1_134172199-134207425_MISSENSE
DLBCL11533	EZB/MCD	No	Yes	No	No	Yes	No	No	Yes	GNA13_CNA_GENE/IKZF3_L162R/TP53_P152L/TP53_R248Q	Hierarchy extended	172	0	0	0	0	0	0		0	1	0	0	1	0	2	IKZF3_L162R/TP53_P152L/TP53_R248Q/GNA13_CNA_GENE
DLBCL10949	MCD	No	No	No	No	Yes	No	Yes	No	CD79B_Y196C/MYD88_L252P/CCND3_41935943-41936095_FRAME_SHIFT	Core genes	170	0	0	0	0	2	0	CD79B_Y196C/MYD88_L252P	0	0	0	1	3	1	0	CCND3_41935943-41936095_FRAME_SHIFT/PIM1_E79D/PIM1_E79D/PIM1_37171125-37171491_MISSENSE/ZFP36L1_68789533-68792938_NONSENSE
DLBCL11678	EZB	No	Yes	No	No	No	No	Yes	Yes	BCL2_63318463-63318573_MISSENSE/BCL2_63318220-63318357_MISSENSE/BCL2_TRANSLOC/EZH2_Y641N/MYC_TRANSLOC/MYC_CNA_GENE/TP53_7669609-7676594_FRAME_SHIFT	Core genes	170	0	4	0	1	0	0	BCL2_63318463-63318573_MISSENSE/BCL2_63318220-63318357_MISSENSE/BCL2_TRANSLOC/EZH2_Y641N/SOCS1_11254843-11255478_NONSENSE	1	0	0	0	3	2	1	BTG1_92144080-92145535_FRAME_SHIFT/BTG1_92144080-92145535_NONSENSE/CDKN2A_CNA_GENE/DTX1_E49D/MYC_TRANSLOC/MYC_CNA_GENE/TP53_7669609-7676594_FRAME_SHIFT
DLBCL10968	JS3	No	No	Yes	No	No	No	Yes	No	STAT3_S614R/TET2_105233943-105276519_FRAME_SHIFT/CCND3_41935943-41936095_FRAME_SHIFT	Core genes	170	1	0	2	0	0	0	BCL6_TRANSLOC/STAT3_S614R/TET2_105233943-105276519_FRAME_SHIFT	2	1	0	0	1	1	0	BCL10_85267630-85270618_FRAME_SHIFT/CD70_6586020-6591002_FRAME_SHIFT/CCND3_41935943-41936095_FRAME_SHIFT/TBL1XR1_177025498-177064977_FRAME_SHIFT/TNFRSF14_CNA_GENE
DLBCL11564	JS3	No	No	Yes	No	No	No	No	No	DUSP2_96144770-96145032_MISSENSE/TET2_105233943-105276519_FRAME_SHIFT	Core genes	169	0	0	2	0	0	0	DUSP2_96144770-96145032_MISSENSE/TET2_105233943-105276519_FRAME_SHIFT	2	0	2	1	1	0	0	CARD11_G126D/CARD11_K215M/NFKBIE_44259219-44265346_FRAME_SHIFT/PIM1_37171125-37171491_MISSENSE/SGK1_134172199-134207425_FRAME_SHIFT/SGK1_134172199-134207425_MISSENSE
DLBCL10930	MCD	No	No	No	No	Yes	No	No	No	MYD88_L252P/PIM1_G28D/PIM1_37171125-37171491_MISSENSE/BCL2_CNA_GENE/MALT1_CNA_GENE	Core+extended genes	169	1	0	1	0	1	0	BCL6_TRANSLOC/MYD88_L252P/TET2_105233943-105276519_NONSENSE	0	0	0	2	4	0	0	CD58_116514813-116570972_MISSENSE/CD58_116514813-116570972_NONSENSE/PIM1_G28D/PIM1_37171125-37171491_MISSENSE/BCL2_CNA_GENE/MALT1_CNA_GENE
DLBCL11191	BN2	Yes	No	No	No	No	No	Yes	No	BCL6_TRANSLOC/NOTCH2_119915309-119916694_FRAME_SHIFT/CCND3_41935943-41936095_FRAME_SHIFT	Core genes	166	2	0	0	0	0	0	BCL6_TRANSLOC/NOTCH2_119915309-119916694_FRAME_SHIFT	1	5	0	1	1	1	0	ARID1A_26696404-26780756_FRAME_SHIFT/CREBBP_3727721-3879911_FRAME_SHIFT/IRF8_85921150-85921279_NONSENSE/TNFRSF14_2556665-2563273_FRAME_SHIFT/REL_CNA_GENE/CCND3_41935943-41936095_FRAME_SHIFT/CD58_116514813-116570972_MISSENSE/MYD88_S206C/TNFAIP3_137871228-137881319_FRAME_SHIFT
DLBCL11464	BN2	Yes	No	No	No	No	No	No	No	BCL6_TRANSLOC	Core genes	166	1	0	0	0	0	0	BCL6_TRANSLOC	2	1	1	0	0	0	0	CD70_6586020-6591002_FRAME_SHIFT/TNFAIP3_137871228-137881319_FRAME_SHIFT/SGK1_134172199-134207425_MISSENSE/REL_CNA_GENE
DLBCL11457	BN2	Yes	No	No	No	No	No	No	No	NOTCH2_119915309-119916694_NONSENSE/KLF2_16324924-16327031_FRAME_SHIFT/SPEN_15848068-15939427_NONSENSE/TNFAIP3_137871228-137881319_FRAME_SHIFT	Core+extended genes	164	1	0	0	1	0	0	NOTCH2_119915309-119916694_NONSENSE/SOCS1_11254843-11255478_NONSENSE	3	0	1	0	1	0	0	BTG2_203305607-203307438_NONSENSE/KLF2_16324924-16327031_FRAME_SHIFT/SPEN_15848068-15939427_NONSENSE/TNFAIP3_137871228-137881319_FRAME_SHIFT/SGK1_134172199-134207425_MISSENSE
DLBCL11496	BN2	Yes	No	No	No	No	No	No	No	BCL6_TRANSLOC	Core genes	164	1	0	0	0	0	0	BCL6_TRANSLOC	1	1	0	1	1	0	0	CREBBP_3727721-3879911_FRAME_SHIFT/TNFAIP3_137871228-137881319_FRAME_SHIFT/CDKN2A_CNA_GENE/CD58_CNA_GENE
DLBCL10938	MCD	No	No	No	No	Yes	No	No	Yes	MYD88_L252P/TP53_CNA_GENE	Core genes	164	0	0	0	0	1	0	MYD88_L252P	0	1	0	1	5	0	1	BTG2_203305607-203307438_FRAME_SHIFT/PIM1_G28D/PIM1_37171125-37171491_MISSENSE/BCL2_CNA_GENE/MALT1_CNA_GENE/SETD1B_121804738-121830239_NONSENSE/XPO1_E571K/TP53_CNA_GENE
DLBCL10868	MCD	No	No	No	No	Yes	No	No	Yes	BTG2_203305607-203307438_NONSENSE/PIM1_L2F/PIM1_37171125-37171491_MISSENSE/TP53_CNA_GENE	Extended mutations	163	0	0	0	0	0	0		0	0	0	2	3	0	1	BTG2_203305607-203307438_NONSENSE/PIM1_L2F/PIM1_37171125-37171491_MISSENSE/CD58_116514813-116570972_FRAME_SHIFT/ZFP36L1_68789533-68792938_NONSENSE/TP53_CNA_GENE
DLBCL11182	JS6	No	No	No	Yes	No	No	No	Yes	JAK2_CNA_GENE/CD274_CNA_GENE/PDCD1LG2_CNA_GENE/TP53_7669609-7676594_FRAME_SHIFT/TP53_CNA_GENE	Extended genes	161	0	0	0	0	0	0		2	2	0	3	1	0	2	ARID1A_26696404-26780756_FRAME_SHIFT/EP300_R1627W/PIM1_37171125-37171491_MISSENSE/SPEN_15848068-15939427_FRAME_SHIFT/TNFAIP3_137871228-137881319_FRAME_SHIFT/TP53_7669609-7676594_FRAME_SHIFT/TP53_CNA_GENE/JAK2_CNA_GENE/CD274_CNA_GENE/PDCD1LG2_CNA_GENE
DLBCL10927	BN2	Yes	No	No	No	No	No	No	Yes	BCL6_TRANSLOC/NOTCH2_119915309-119916694_NONSENSE/TP53_R273C	Core genes	159	2	0	0	0	1	0	BCL6_TRANSLOC/NOTCH2_119915309-119916694_NONSENSE/MYD88_L252P	0	2	1	0	0	0	1	PTEN_87864470-87965472_NONSENSE/TNFRSF14_2556665-2563273_NONSENSE/PTPN6_6951513-6960920_FRAME_SHIFT/TP53_R273C
DLBCL11202	JS6	No	No	No	Yes	No	No	No	No	JAK2_CNA_GENE/CD274_CNA_GENE/PDCD1LG2_CNA_GENE	Extended genes	158	0	0	0	0	0	0		0	2	1	3	0	0	0	KRAS_G12S/TNFRSF14_2556665-2563273_FRAME_SHIFT/REL_CNA_GENE/JAK2_CNA_GENE/CD274_CNA_GENE/PDCD1LG2_CNA_GENE
TCGA-GS-A9TQ	EZB	No	Yes	No	No	No	No	Yes	Yes	BCL2_63318220-63318357_MISSENSE/BCL2_TRANSLOC/MYC_CNA_GENE/TP53_CNA_GENE	Core genes	157	0	2	0	0	0	0	BCL2_63318220-63318357_MISSENSE/BCL2_TRANSLOC	2	5	1	0	2	1	1	ARID1A_26696404-26780756_NONSENSE/CREBBP_3731264-3744909_MISSENSE/GNA13_65014257-65056593_NONSENSE/SESN1_CNA_GENE/REL_CNA_GENE/CDKN2A_CNA_GENE/PRDM1_CNA_GENE/PTPRK_CNA_GENE/TMEM30A_CNA_GENE/TNFAIP3_CNA_GENE/TP53_CNA_GENE/MYC_CNA_GENE
DLBCL10966	BN2	Yes	No	No	No	No	No	No	No	BCL6_TRANSLOC	Core genes	157	1	0	0	0	0	0	BCL6_TRANSLOC	3	0	0	0	0	0	0	BCL10_85270619-85276352_MISSENSE/BCL10_85267630-85270618_NONSENSE/CD70_6586020-6591002_FRAME_SHIFT
DLBCL10965	EZB	No	Yes	No	No	No	No	Yes	No	ARID1A_26696404-26780756_NONSENSE/IRF8_85921150-85921279_NONSENSE/REL_CNA_GENE/CCND3_T283A	Extended genes	156	0	0	0	0	0	0		0	3	0	1	0	1	0	ARID1A_26696404-26780756_NONSENSE/IRF8_85921150-85921279_NONSENSE/REL_CNA_GENE/CCND3_T283A/CD58_116514813-116570972_FRAME_SHIFT
DLBCL11488	MCD	No	No	No	No	Yes	No	Yes	No	CD79B_Y196C/MYD88_M219T/PIM1_37171125-37171491_MISSENSE/CDKN2A_CNA_GENE/CCND3_41935943-41936095_FRAME_SHIFT	Core+extended genes	156	1	0	0	0	1	0	BCL6_TRANSLOC/CD79B_Y196C	3	0	0	0	3	1	0	CCND3_41935943-41936095_FRAME_SHIFT/CD70_6586020-6591002_FRAME_SHIFT/TMEM30A_75256102-75284638_FRAME_SHIFT/TMEM30A_75256102-75284638_NONSENSE/MYD88_M219T/PIM1_37171125-37171491_MISSENSE/CDKN2A_CNA_GENE
TCGA-FA-A6HN	JS3	No	No	Yes	No	No	No	No	No	DUSP2_96144770-96145032_MISSENSE/STAT3_D661V	Core genes	155	0	0	2	0	0	0	DUSP2_96144770-96145032_MISSENSE/STAT3_D661V	1	0	1	2	0	0	0	CD70_6586020-6591002_NONSENSE/JUNB_12791772-12792815_FRAME_SHIFT/NFKBIA_35402013-35404644_FRAME_SHIFT/NFKBIA_35402013-35404644_NONSENSE
DLBCL10986	BN2	Yes	No	No	No	No	No	No	No	TMEM30A_75256102-75284638_NONSENSE/TNFAIP3_137871228-137881319_FRAME_SHIFT	Extended genes	155	0	0	0	0	0	0		2	0	0	1	0	0	0	CD58_116514813-116570972_NONSENSE/TMEM30A_75256102-75284638_NONSENSE/TNFAIP3_137871228-137881319_FRAME_SHIFT
DLBCL11586	BN2	Yes	No	No	No	No	No	Yes	No	BCL6_TRANSLOC/NOTCH2_119915309-119916694_NONSENSE/CCND3_T283A	Core genes	154	2	0	1	0	0	0	BCL6_TRANSLOC/NOTCH2_119915309-119916694_NONSENSE/TET2_105233943-105276519_NONSENSE	0	0	1	0	0	1	0	CCND3_T283A/SGK1_134172199-134207425_MISSENSE
DLBCL10953	EZB/MCD	No	Yes	No	No	Yes	No	No	No	EZH2_Y641C/MYD88_L252P	Hierarchy core	154	0	1	0	0	1	0	EZH2_Y641C/MYD88_L252P	2	0	0	2	0	0	0	NFKBIE_44259219-44265346_FRAME_SHIFT/ZFP36L1_68789533-68792938_NONSENSE/TNFAIP3_137871228-137881319_FRAME_SHIFT/CD70_CNA_GENE
DLBCL10961	MCD	No	No	No	No	Yes	No	Yes	Yes	MYD88_L252P/PIM1_L2F/PIM1_37171125-37171491_MISSENSE/CDKN2A_CNA_GENE/MYC_CNA_GENE/TP53_CNA_GENE	Core+extended genes	153	0	1	0	0	1	0	BCL2_63318220-63318357_MISSENSE/MYD88_L252P	1	0	1	2	3	1	1	PIM1_L2F/PIM1_37171125-37171491_MISSENSE/CDKN2A_CNA_GENE/PTPRK_CNA_GENE/TNFAIP3_CNA_GENE/TP53_CNA_GENE/MYC_CNA_GENE/JAK2_CNA_GENE/CD274_CNA_GENE
DLBCL10463	MCD	No	No	No	No	Yes	No	No	No	CD79B_Y196H/MYD88_L252P	Core genes	153	0	0	0	0	2	0	CD79B_Y196H/MYD88_L252P	0	0	0	1	4	0	0	CD58_116514813-116570972_NONSENSE/PIM1_G28D/PIM1_37171125-37171491_MISSENSE/PRDM1_106086554-106107486_FRAME_SHIFT/CDKN2A_CNA_GENE
TCGA-FF-A7CQ	MCD	No	No	No	No	Yes	No	No	No	CD79B_Y196C	Core genes	152	0	0	0	0	1	0	CD79B_Y196C	0	1	1	1	5	0	0	CD58_116514813-116570972_FRAME_SHIFT/IRF4_K59R/KLHL14_32674657-32770591_NONSENSE/PIM1_37171125-37171491_MISSENSE/CDKN2A_CNA_GENE/BCL2_CNA_GENE/MALT1_CNA_GENE/SETD1B_121804738-121830239_NONSENSE
DLBCL11527	EZB	No	Yes	No	No	No	No	No	No	BCL2_63318463-63318573_MISSENSE/BCL2_63318220-63318357_MISSENSE/BCL2_TRANSLOC	Core genes	152	0	3	0	0	0	0	BCL2_63318463-63318573_MISSENSE/BCL2_63318220-63318357_MISSENSE/BCL2_TRANSLOC	1	1	2	0	0	0	0	BRAF_D594G/SGK1_134172199-134207425_MISSENSE/CD70_CNA_GENE/REL_CNA_GENE
DLBCL11474	BN2	Yes	No	No	No	No	No	No	No	BCL6_TRANSLOC/NOTCH2_119915309-119916694_NONSENSE	Core genes	151	2	0	0	0	1	0	BCL6_TRANSLOC/NOTCH2_119915309-119916694_NONSENSE/MYD88_L252P	1	1	0	0	0	0	0	CARD11_G126D/PTEN_87864470-87965472_NONSENSE
DLBCL10928	BN2	Yes	No	No	No	No	No	Yes	No	BCL6_TRANSLOC/CCND3_41935943-41936095_FRAME_SHIFT	Core genes	151	1	0	0	0	0	0	BCL6_TRANSLOC	3	0	0	0	1	1	0	BCL10_85270619-85276352_MISSENSE/TNFAIP3_137871228-137881319_NONSENSE/BCL10_CNA_GENE/CCND3_41935943-41936095_FRAME_SHIFT/CDKN2A_CNA_GENE
DLBCL11454	BN2	Yes	No	No	No	No	No	No	No	BCL6_TRANSLOC/NOTCH2_119915309-119916694_FRAME_SHIFT	Core genes	150	2	0	0	0	0	0	BCL6_TRANSLOC/NOTCH2_119915309-119916694_FRAME_SHIFT	0	1	0	0	0	0	0	REL_CNA_GENE
DLBCL11587	Other	No	No	No	No	No	No	No	No		No features	150	0	0	0	0	0	0		0	0	0	0	0	0	0	
DLBCL11187	MCD	No	No	No	No	Yes	No	No	No	CD79B_Y196H/MYD88_L252P	Core genes	148	0	0	1	0	2	0	CD79B_Y196H/MYD88_L252P/DUSP2_96144770-96145032_MISSENSE	0	0	0	1	1	0	0	TBL1XR1_177025498-177064977_FRAME_SHIFT/ZFP36L1_68789533-68792938_FRAME_SHIFT
DLBCL11435	BN2	Yes	No	No	No	No	No	No	No	BCL10_85267630-85270618_NONSENSE/TNFAIP3_137871228-137881319_NONSENSE	Extended genes	148	0	0	0	0	0	0		2	1	0	0	0	0	0	BCL10_85267630-85270618_NONSENSE/TNFAIP3_137871228-137881319_NONSENSE/TNFRSF14_2556665-2563273_NONSENSE
DLBCL11657	JS6	No	No	No	Yes	No	No	No	Yes	STAT6_D419N/TP53_G245D	Core genes	148	0	0	0	1	0	0	STAT6_D419N	0	1	0	6	0	0	1	ARID1A_26696404-26780756_NONSENSE/IL4R_I242N/NFKBIE_44259219-44265346_FRAME_SHIFT/CIITA_CNA_GENE/JAK2_CNA_GENE/CD274_CNA_GENE/PDCD1LG2_CNA_GENE/TP53_G245D
TCGA-FF-A7CR	MCD	No	No	No	No	Yes	No	No	No	CD79B_Y196H	Core genes	147	0	0	0	0	1	0	CD79B_Y196H	1	0	0	0	2	0	0	BTG2_203305607-203307438_FRAME_SHIFT/PIM1_37171125-37171491_MISSENSE/TNFAIP3_137871228-137881319_FRAME_SHIFT
DLBCL11470	BN2	Yes	No	No	No	No	No	No	No	BCL6_TRANSLOC	Hierarchy core	146	1	0	0	1	0	0	BCL6_TRANSLOC/SOCS1_11254843-11255478_NONSENSE	2	1	2	2	2	0	0	BTG2_203305607-203307438_NONSENSE/PIM1_37171125-37171491_MISSENSE/CD58_116514813-116570972_NONSENSE/ZFP36L1_68789533-68792938_FRAME_SHIFT/CD70_6586020-6591002_NONSENSE/TNFAIP3_137871228-137881319_FRAME_SHIFT/GNA13_65014257-65056593_NONSENSE/SGK1_134172199-134207425_FRAME_SHIFT/SGK1_134172199-134207425_MISSENSE
DLBCL10487	BN2	Yes	No	No	No	No	No	No	Yes	BCL6_TRANSLOC/TP53_CNA_GENE	Core genes	146	1	0	0	0	0	0	BCL6_TRANSLOC	2	0	1	6	0	0	1	JUNB_12791772-12792815_NONSENSE/PTPN1_50561387-50579299_FRAME_SHIFT/XPO1_E571K/CD58_CNA_GENE/JAK2_CNA_GENE/CD274_CNA_GENE/PDCD1LG2_CNA_GENE/TNFAIP3_CNA_GENE/CD70_CNA_GENE/TP53_CNA_GENE
DLBCL11468	JS6	No	No	No	Yes	No	No	No	No	SOCS1_11254843-11255478_FRAME_SHIFT	Core genes	145	0	0	0	1	0	0	SOCS1_11254843-11255478_FRAME_SHIFT	0	1	0	0	0	0	0	TNFRSF14_2556665-2563273_FRAME_SHIFT
CTSP-B02C	BN2	Yes	No	No	No	No	No	No	No	BCL6_TRANSLOC/KLHL21_6593365-6602817_NONSENSE	Core+extended genes	145	1	0	1	0	0	0	BCL6_TRANSLOC/DUSP2_96144770-96145032_MISSENSE	1	0	0	0	7	0	0	BTG1_92144080-92145535_NONSENSE/KLHL14_32674657-32770591_NONSENSE/MYD88_V204F/PIM1_Q37H/PIM1_P81S/PIM1_37171125-37171491_MISSENSE/PRDM1_106086554-106107486_NONSENSE/KLHL21_6593365-6602817_NONSENSE
DLBCL11497	BN2/EZB	Yes	Yes	No	No	No	No	No	No	IRF8_S55A/TNFAIP3_137871228-137881319_FRAME_SHIFT	Hierarchy extended	145	0	0	0	0	0	0		1	1	0	0	0	0	0	IRF8_S55A/TNFAIP3_137871228-137881319_FRAME_SHIFT
DLBCL10863	MCD	No	No	No	No	Yes	No	No	Yes	CD79B_Y196F/MYD88_L252P/TP53_CNA_GENE	Core genes	144	0	0	1	0	2	0	CD79B_Y196F/MYD88_L252P/DUSP2_96144770-96145032_MISSENSE	1	0	0	0	4	0	1	BTG1_92144080-92145535_FRAME_SHIFT/PIM1_37171125-37171491_MISSENSE/TBL1XR1_Y395C/TBL1XR1_177025498-177064977_FRAME_SHIFT/CARD11_C49Y/TP53_CNA_GENE
DLBCL11258	BN2	Yes	No	No	No	No	No	No	No	BCL6_TRANSLOC	Core genes	143	1	0	0	0	0	0	BCL6_TRANSLOC	3	0	1	1	1	0	0	BCL10_85267630-85270618_NONSENSE/SPEN_15848068-15939427_FRAME_SHIFT/TNFAIP3_CNA_GENE/CD58_116514813-116570972_FRAME_SHIFT/PIM1_G28D/SGK1_134172199-134207425_MISSENSE
DLBCL11463	BN2	Yes	No	No	No	No	No	No	No	BCL6_TRANSLOC/BCL10_85267630-85270618_NONSENSE	Core+extended genes	143	1	0	0	2	0	0	BCL6_TRANSLOC/SOCS1_11254843-11255478_NONSENSE/SOCS1_S116N	1	1	0	0	0	0	0	BCL10_85267630-85270618_NONSENSE/TNFRSF14_2556665-2563273_FRAME_SHIFT
DLBCL11571	JS6	No	No	No	Yes	No	No	No	No	SOCS1_11254843-11255478_NONSENSE	Core genes	143	0	0	0	1	0	0	SOCS1_11254843-11255478_NONSENSE	0	2	3	1	1	0	0	JUNB_12791772-12792815_NONSENSE/SGK1_134172199-134207425_FRAME_SHIFT/SGK1_134172199-134207425_MISSENSE/MEF2B_19146013-19147730_FRAME_SHIFT/REL_CNA_GENE/NFKBIA_35402013-35404644_FRAME_SHIFT/PIM1_37171125-37171491_MISSENSE
DLBCL10480	MCD	No	No	No	No	Yes	No	No	Yes	CD79B_Y196H/TP53_CNA_GENE	Hierarchy core	143	1	0	0	0	1	0	BCL6_TRANSLOC/CD79B_Y196H	3	2	2	0	3	0	1	PIM1_Q37H/CDKN2A_CNA_GENE/PRDM1_CNA_GENE/PTPRK_CNA_GENE/JUNB_CNA_GENE/SMARCA4_CNA_GENE/SESN1_CNA_GENE/TNFAIP3_CNA_GENE/CD70_CNA_GENE/KLF2_CNA_GENE/TP53_CNA_GENE
TCGA-G8-6909	JS6	No	No	No	Yes	No	No	No	No	STAT6_N421K	Core genes	142	0	0	0	1	0	0	STAT6_N421K	2	2	1	2	1	0	0	BTG1_92144080-92145535_NONSENSE/IRF8_T80A/REL_CNA_GENE/NFKBIE_44259219-44265346_FRAME_SHIFT/ZFP36L1_68789533-68792938_FRAME_SHIFT/SGK1_134172199-134207425_MISSENSE/SPEN_15848068-15939427_FRAME_SHIFT/TNFAIP3_CNA_GENE
DLBCL11648	N1	No	No	No	No	No	Yes	No	No	NOTCH1_136496074-136497558_FRAME_SHIFT	Core genes	142	0	0	0	0	0	1	NOTCH1_136496074-136497558_FRAME_SHIFT	1	1	0	2	0	0	0	CD58_116514813-116570972_NONSENSE/CD274_CNA_GENE/PIK3CD_Y524S/TNFAIP3_CNA_GENE
TCGA-FA-A7Q1	JS6	No	No	No	Yes	No	No	No	No	SOCS1_11254843-11255478_NONSENSE	Core genes	142	0	0	0	1	0	0	SOCS1_11254843-11255478_NONSENSE	1	0	0	0	0	0	0	CD70_6586020-6591002_NONSENSE
DLBCL11437	JS3	No	No	Yes	No	No	No	No	No	DUSP2_96144770-96145032_MISSENSE/SGK1_134172199-134207425_MISSENSE	Core+extended genes	142	1	0	1	0	0	0	BCL6_TRANSLOC/DUSP2_96144770-96145032_MISSENSE	0	1	1	1	1	0	0	BTG2_203305607-203307438_NONSENSE/CD58_116514813-116570972_MISSENSE/CREBBP_3727721-3879911_FRAME_SHIFT/SGK1_134172199-134207425_MISSENSE
DLBCL11501	BN2	Yes	No	No	No	No	No	No	Yes	BCL6_TRANSLOC/TP53_CNA_GENE	Core genes	139	1	0	0	0	0	0	BCL6_TRANSLOC	0	0	0	0	0	0	1	TP53_CNA_GENE
DLBCL10902	MCD	No	No	No	No	Yes	No	No	Yes	MYD88_L252P/TP53_CNA_GENE	Core genes	139	0	0	0	0	1	0	MYD88_L252P	0	0	0	0	1	0	1	TBL1XR1_177025498-177064977_FRAME_SHIFT/TP53_CNA_GENE
DLBCL11503	N1	No	No	No	No	No	Yes	No	No	NOTCH1_136496074-136497558_NONSENSE	Core genes	139	0	0	0	0	0	1	NOTCH1_136496074-136497558_NONSENSE	0	0	0	0	1	0	0	BTG1_92144080-92145535_FRAME_SHIFT
DLBCL10552	JS6	No	No	No	Yes	No	No	No	No	STAT6_D419H/CD58_116514813-116570972_FRAME_SHIFT/CD58_116514813-116570972_NONSENSE/NFKBIE_44259219-44265346_FRAME_SHIFT/NFKBIE_44259219-44265346_NONSENSE	Core+extended genes	139	1	0	1	1	0	0	BCL6_TRANSLOC/DUSP2_96144770-96145032_MISSENSE/STAT6_D419H	0	1	1	4	0	0	0	CD58_116514813-116570972_FRAME_SHIFT/CD58_116514813-116570972_NONSENSE/NFKBIE_44259219-44265346_FRAME_SHIFT/NFKBIE_44259219-44265346_NONSENSE/SGK1_134172199-134207425_MISSENSE/TNFRSF14_2556665-2563273_NONSENSE
DLBCL10546	BN2	Yes	No	No	No	No	No	Yes	No	BCL6_TRANSLOC/NOTCH2_119915309-119916694_NONSENSE/CCND3_41935943-41936095_NONSENSE	Core genes	139	2	0	1	0	1	0	BCL6_TRANSLOC/NOTCH2_119915309-119916694_NONSENSE/CD79B_Y196D/DUSP2_96144770-96145032_MISSENSE	2	1	0	1	1	1	0	CCND3_41935943-41936095_NONSENSE/CD70_6586020-6591002_FRAME_SHIFT/TNFAIP3_137871228-137881319_FRAME_SHIFT/MEF2B_E77K/PRDM1_106086554-106107486_FRAME_SHIFT/CD58_CNA_GENE
DLBCL10975	BN2	Yes	No	No	No	No	No	Yes	No	BCL6_TRANSLOC/CCND3_41935943-41936095_NONSENSE	Core genes	139	1	0	0	0	0	0	BCL6_TRANSLOC	1	0	0	1	1	1	0	CCND3_41935943-41936095_NONSENSE/NFKBIE_44259219-44265346_FRAME_SHIFT/TNFAIP3_137871228-137881319_NONSENSE/SPIB_CNA_GENE
DLBCL11539	BN2	Yes	No	No	No	No	No	No	No	BCL6_TRANSLOC/BCL10_85267630-85270618_FRAME_SHIFT/CD70_6586020-6591002_FRAME_SHIFT/TMEM30A_75256102-75284638_FRAME_SHIFT/TNFAIP3_137871228-137881319_FRAME_SHIFT	Core+extended genes	139	1	0	0	1	0	0	BCL6_TRANSLOC/SOCS1_11254843-11255478_NONSENSE	4	0	1	0	0	0	0	BCL10_85267630-85270618_FRAME_SHIFT/CD70_6586020-6591002_FRAME_SHIFT/TMEM30A_75256102-75284638_FRAME_SHIFT/TNFAIP3_137871228-137881319_FRAME_SHIFT/SGK1_134172199-134207425_MISSENSE
DLBCL11257	MCD	No	No	No	No	Yes	No	No	No	MYD88_L252P	Core genes	138	0	0	0	0	1	0	MYD88_L252P	0	0	0	0	2	0	0	BCL2_CNA_GENE/MALT1_CNA_GENE
DLBCL10458	BN2	Yes	No	No	No	No	No	No	Yes	BCL6_TRANSLOC/NOTCH2_119915309-119916694_NONSENSE/TP53_CNA_GENE	Core genes	138	2	0	0	0	0	0	BCL6_TRANSLOC/NOTCH2_119915309-119916694_NONSENSE	6	1	1	1	1	0	1	BCL10_85267630-85270618_NONSENSE/CD70_6586020-6591002_NONSENSE/SPEN_15848068-15939427_FRAME_SHIFT/TMEM30A_75256102-75284638_NONSENSE/TMEM30A_CNA_GENE/TNFAIP3_CNA_GENE/PRDM1_CNA_GENE/PTPRK_CNA_GENE/TP53_CNA_GENE/SESN1_CNA_GENE/STAT6_CNA_GENE
DLBCL10525	BN2	Yes	No	No	No	No	No	No	No	BCL6_TRANSLOC/CD70_6586020-6591002_NONSENSE/SPEN_15848068-15939427_FRAME_SHIFT/SPEN_15848068-15939427_NONSENSE/TMEM30A_75256102-75284638_FRAME_SHIFT	Core+extended genes	137	1	0	0	0	1	0	BCL6_TRANSLOC/CD79B_Y196C	4	0	0	1	0	0	0	CD70_6586020-6591002_NONSENSE/SPEN_15848068-15939427_FRAME_SHIFT/SPEN_15848068-15939427_NONSENSE/TMEM30A_75256102-75284638_FRAME_SHIFT/NFKBIE_44259219-44265346_FRAME_SHIFT
DLBCL10992	MCD	No	No	No	No	Yes	No	No	No	CD79B_Y196H/MYD88_L252P	Core genes	137	0	1	0	0	2	0	BCL2_63318220-63318357_MISSENSE/CD79B_Y196H/MYD88_L252P	0	1	0	1	5	0	0	ARID1A_26696404-26780756_FRAME_SHIFT/CD58_116514813-116570972_FRAME_SHIFT/PIM1_G28D/PIM1_P81S/PIM1_37171125-37171491_MISSENSE/CDKN2A_CNA_GENE/SPIB_CNA_GENE
DLBCL10912	BN2	Yes	No	No	No	No	No	No	No	BCL6_TRANSLOC/NOTCH2_119915309-119916694_NONSENSE	Core genes	137	2	0	0	0	0	0	BCL6_TRANSLOC/NOTCH2_119915309-119916694_NONSENSE	1	1	0	4	2	0	0	CD58_116514813-116570972_NONSENSE/JAK2_CNA_GENE/CD274_CNA_GENE/PDCD1LG2_CNA_GENE/EP300_41166651-41176456_FRAME_SHIFT/KLHL14_32674657-32770591_NONSENSE/CDKN2A_CNA_GENE/NOTCH2_CNA_GENE
DLBCL11195	JS3	No	No	Yes	No	No	No	No	Yes	DUSP2_96144770-96145032_MISSENSE/TP53_CNA_GENE	Core genes	137	0	0	1	0	0	0	DUSP2_96144770-96145032_MISSENSE	0	1	1	0	6	0	1	IDH2_R172K/KLHL14_32674657-32770591_NONSENSE/PIM1_L2F/PIM1_G28D/PIM1_Q37H/PIM1_E79D/PIM1_37171125-37171491_MISSENSE/MEF2B_19146013-19147730_FRAME_SHIFT/TP53_CNA_GENE
DLBCL11506	BN2	Yes	No	No	No	No	No	No	No	BCL6_TRANSLOC/NOTCH2_119915309-119916694_FRAME_SHIFT	Core genes	137	2	0	0	0	0	0	BCL6_TRANSLOC/NOTCH2_119915309-119916694_FRAME_SHIFT	3	1	0	0	1	0	0	BCL10_85267630-85270618_NONSENSE/TNFAIP3_137871228-137881319_NONSENSE/NOTCH2_CNA_GENE/CDKN2A_CNA_GENE/REL_CNA_GENE
DLBCL11460	JS3	No	No	Yes	No	No	No	No	No	DUSP2_96144770-96145032_MISSENSE/TET2_105233943-105276519_FRAME_SHIFT	Core genes	136	0	0	2	0	0	0	DUSP2_96144770-96145032_MISSENSE/TET2_105233943-105276519_FRAME_SHIFT	0	1	0	1	1	0	0	BTG1_92144080-92145535_NONSENSE/ZFP36L1_68789533-68792938_FRAME_SHIFT/FAS_CNA_GENE
DLBCL10456	JS3	No	No	Yes	No	No	No	No	Yes	SGK1_134172199-134207425_FRAME_SHIFT/SGK1_134172199-134207425_MISSENSE/TP53_R282W	Extended mutations	136	0	0	0	0	0	0		0	0	2	0	1	0	1	SGK1_134172199-134207425_FRAME_SHIFT/SGK1_134172199-134207425_MISSENSE/TBL1XR1_Y446C/TP53_R282W
DLBCL11566	EZB	No	Yes	No	No	No	No	No	Yes	BCL2_TRANSLOC/TP53_CNA_GENE	Core genes	136	0	1	0	0	0	0	BCL2_TRANSLOC	0	2	0	0	0	0	1	ARID1A_26696404-26780756_FRAME_SHIFT/CREBBP_3731264-3744909_MISSENSE/TP53_CNA_GENE
DLBCL11581	JS3	No	No	Yes	No	No	No	No	No	STAT3_E616G/SGK1_134172199-134207425_MISSENSE	Core+extended genes	135	0	1	1	0	0	0	EZH2_Y641C/STAT3_E616G	0	0	1	0	3	0	0	BTG2_203305607-203307438_FRAME_SHIFT/MYD88_V204F/MYD88_S206C/SGK1_134172199-134207425_MISSENSE
DLBCL10972	MCD	No	No	No	No	Yes	No	Yes	No	CD79B_Y196S/PIM1_37171125-37171491_MISSENSE/CDKN2A_CNA_GENE/CCND3_41935943-41936095_FRAME_SHIFT	Core+extended genes	135	1	0	0	0	1	0	BCL6_TRANSLOC/CD79B_Y196S	0	1	0	0	2	1	0	CCND3_41935943-41936095_FRAME_SHIFT/PIM1_37171125-37171491_MISSENSE/CDKN2A_CNA_GENE/SETD1B_121804738-121830239_FRAME_SHIFT
DLBCL10462	BN2	Yes	No	No	No	No	No	Yes	Yes	BCL6_TRANSLOC/NOTCH2_119915309-119916694_NONSENSE/CCND3_T283A/TP53_7669609-7676594_NONSENSE/TP53_CNA_GENE	Core genes	134	2	0	0	0	1	0	BCL6_TRANSLOC/NOTCH2_119915309-119916694_NONSENSE/MYD88_L252P	1	1	0	1	1	1	2	BTG1_92144080-92145535_NONSENSE/CCND3_T283A/CD58_116514813-116570972_MISSENSE/CREBBP_3727721-3879911_NONSENSE/TNFAIP3_137871228-137881319_FRAME_SHIFT/TP53_7669609-7676594_NONSENSE/TP53_CNA_GENE
DLBCL10534	MCD	No	No	No	No	Yes	No	No	No	CD79B_Y196D/MYD88_L252P	Core genes	134	0	0	0	0	2	0	CD79B_Y196D/MYD88_L252P	0	0	0	0	3	0	0	BTG1_Q36H/CDKN2A_CNA_GENE/SPIB_CNA_GENE
DLBCL11429	BN2	Yes	No	No	No	No	No	No	No	BCL6_TRANSLOC	Core genes	134	1	0	0	0	0	0	BCL6_TRANSLOC	2	1	0	1	1	0	0	EP300_41166651-41176456_FRAME_SHIFT/PIM1_37171125-37171491_MISSENSE/TMEM30A_75256102-75284638_FRAME_SHIFT/TNFAIP3_137871228-137881319_FRAME_SHIFT/ZFP36L1_68789533-68792938_FRAME_SHIFT
DLBCL10515	BN2	Yes	No	No	No	No	No	No	No	BCL6_TRANSLOC/NOTCH2_119915309-119916694_NONSENSE	Core genes	133	2	0	0	0	0	0	BCL6_TRANSLOC/NOTCH2_119915309-119916694_NONSENSE	1	1	0	0	1	0	0	MYD88_M219T/PIK3CD_E1021K/SPEN_15848068-15939427_NONSENSE
DLBCL10932	JS3	No	No	Yes	No	No	No	No	No	DUSP2_96144770-96145032_FRAME_SHIFT/DUSP2_96144770-96145032_MISSENSE/TET2_105233943-105276519_NONSENSE	Core genes	133	0	0	3	0	0	0	DUSP2_96144770-96145032_FRAME_SHIFT/DUSP2_96144770-96145032_MISSENSE/TET2_105233943-105276519_NONSENSE	2	0	2	1	1	0	0	BTG2_203305607-203307438_FRAME_SHIFT/KRAS_L19F/PTPN6_6951513-6960920_FRAME_SHIFT/NFKBIE_44259219-44265346_FRAME_SHIFT/TNFAIP3_137871228-137881319_FRAME_SHIFT/TNFAIP3_137871228-137881319_NONSENSE
DLBCL11434	BN2	Yes	No	No	No	No	No	No	No	NOTCH2_119915309-119916694_FRAME_SHIFT/NOTCH2_119915309-119916694_NONSENSE/BCL10_85267630-85270618_NONSENSE/CD70_6586020-6591002_FRAME_SHIFT/TNFAIP3_137871228-137881319_FRAME_SHIFT	Core+extended genes	133	2	0	1	0	0	0	NOTCH2_119915309-119916694_FRAME_SHIFT/NOTCH2_119915309-119916694_NONSENSE/STAT3_S614R	3	1	1	1	0	0	0	BCL10_85267630-85270618_NONSENSE/CD70_6586020-6591002_FRAME_SHIFT/TNFAIP3_137871228-137881319_FRAME_SHIFT/CD58_116514813-116570972_FRAME_SHIFT/PIK3CD_E1021K/SGK1_134172199-134207425_MISSENSE
DLBCL10974	BN2	Yes	No	No	No	No	No	No	No	TNFAIP3_137871228-137881319_NONSENSE	Hierarchy extended	133	0	0	0	0	0	0		1	0	0	1	0	0	0	TNFAIP3_137871228-137881319_NONSENSE/XPO1_E571K
DLBCL10504	MCD	No	No	No	No	Yes	No	No	No	CD79B_Y196S/MYD88_L252P	Core genes	133	1	1	0	1	2	0	BCL6_TRANSLOC/CD79B_Y196S/MYD88_L252P/EZH2_Y641H/SOCS1_G78R	0	1	0	0	4	0	0	BTG2_203305607-203307438_NONSENSE/PIM1_L2F/PIM1_Q37H/PIM1_37171125-37171491_MISSENSE/CREBBP_3727721-3879911_NONSENSE
DLBCL11537	BN2	Yes	No	No	No	No	No	No	No	BCL6_TRANSLOC	Core genes	132	1	0	0	0	0	0	BCL6_TRANSLOC	3	0	0	0	0	0	0	BCL10_85267630-85270618_NONSENSE/CD70_6586020-6591002_FRAME_SHIFT/TNFAIP3_137871228-137881319_NONSENSE
DLBCL11683	JS3	No	No	Yes	No	No	No	No	No	DUSP2_96144770-96145032_MISSENSE	Core genes	132	0	0	1	0	0	0	DUSP2_96144770-96145032_MISSENSE	0	0	0	0	0	0	0	
DLBCL11471	MCD	No	No	No	No	Yes	No	No	Yes	TBL1XR1_177025498-177064977_FRAME_SHIFT/TP53_R248Q	Hierarchy extended	131	0	0	0	0	0	0		0	0	1	0	1	0	1	DNMT3B_32780324-32807903_NONSENSE/TBL1XR1_177025498-177064977_FRAME_SHIFT/TP53_R248Q
DLBCL11196	JS3	No	No	Yes	No	No	No	No	No	TET2_105233943-105276519_FRAME_SHIFT	Core genes	131	0	0	1	0	0	0	TET2_105233943-105276519_FRAME_SHIFT	1	0	1	0	1	0	0	PIM1_37171125-37171491_MISSENSE/PTPN6_6951513-6960920_FRAME_SHIFT/TNFAIP3_137871228-137881319_NONSENSE
DLBCL11490	BN2	Yes	No	No	No	No	No	No	Yes	BCL6_TRANSLOC/TP53_CNA_GENE	Core genes	131	1	0	0	0	0	0	BCL6_TRANSLOC	0	2	0	1	1	0	1	NFKBIE_44259219-44265346_FRAME_SHIFT/SETD1B_121804738-121830239_FRAME_SHIFT/TNFRSF14_2556665-2563273_NONSENSE/CDKN2A_CNA_GENE/TP53_CNA_GENE
DLBCL11482	MCD	No	No	No	No	Yes	No	Yes	No	CD79B_Y196S/MYC_TRANSLOC	Hierarchy core	131	1	0	0	0	1	0	CD79B_Y196S/NOTCH2_119915309-119916694_FRAME_SHIFT	1	2	0	0	1	1	0	ARID1A_26696404-26780756_FRAME_SHIFT/CREBBP_3727721-3879911_FRAME_SHIFT/MYC_TRANSLOC/SPEN_15848068-15939427_FRAME_SHIFT/CDKN2A_CNA_GENE
DLBCL10858	MCD	No	No	No	No	Yes	No	No	No	CD79B_Y196N/MYD88_L252P	Core genes	131	0	0	0	0	2	0	CD79B_Y196N/MYD88_L252P	0	2	1	0	8	0	0	BRAF_L597Q/CREBBP_3731264-3744909_MISSENSE/SETD1B_121804738-121830239_NONSENSE/KLHL14_32674657-32770591_FRAME_SHIFT/KLHL14_32674657-32770591_NONSENSE/PIM1_L2F/PIM1_G28D/PIM1_S75F/PIM1_37171125-37171491_MISSENSE/PRDM1_106086554-106107486_NONSENSE/CDKN2A_CNA_GENE
DLBCL11675	EZB	No	Yes	No	No	No	No	No	No	BCL2_TRANSLOC/EZH2_Y641N	Core genes	130	0	2	0	0	0	0	BCL2_TRANSLOC/EZH2_Y641N	1	2	1	0	1	0	0	CREBBP_3727721-3879911_FRAME_SHIFT/CREBBP_3731264-3744909_MISSENSE/MYD88_S206C/SGK1_134172199-134207425_FRAME_SHIFT/TNFAIP3_137871228-137881319_NONSENSE
DLBCL10899	MCD	No	No	No	No	Yes	No	No	Yes	CD79B_Y196N/MYD88_L252P/TP53_CNA_GENE	Core genes	129	0	0	0	0	2	0	CD79B_Y196N/MYD88_L252P	2	1	1	2	4	0	1	KLHL14_32674657-32770591_NONSENSE/PIM1_37171125-37171491_MISSENSE/PRDM1_CNA_GENE/SPIB_CNA_GENE/NFKBIE_CNA_GENE/CD58_CNA_GENE/PTPRK_CNA_GENE/TMEM30A_CNA_GENE/TNFAIP3_CNA_GENE/TP53_CNA_GENE/SESN1_CNA_GENE
DLBCL10981	JS3	No	No	Yes	No	No	No	No	Yes	DUSP2_96144770-96145032_MISSENSE/STAT3_N647I/TP53_7669609-7676594_NONSENSE/TP53_Y205C/TP53_CNA_GENE	Core genes	129	0	2	2	1	0	0	BCL2_63318463-63318573_MISSENSE/BCL2_63318220-63318357_MISSENSE/DUSP2_96144770-96145032_MISSENSE/STAT3_N647I/STAT6_D419G	0	2	0	0	1	0	3	ARID1A_26696404-26780756_NONSENSE/REL_CNA_GENE/PIM1_P81A/TP53_7669609-7676594_NONSENSE/TP53_Y205C/TP53_CNA_GENE
DLBCL10532	MCD	No	No	No	No	Yes	No	No	No	CD79B_Y196S/MYD88_L252P	Core genes	128	0	0	0	0	2	0	CD79B_Y196S/MYD88_L252P	0	1	0	0	1	0	0	IRF8_T80A/KLHL14_32674657-32770591_FRAME_SHIFT
DLBCL10987	MCD	No	No	No	No	Yes	No	No	No	MYD88_L252P	Core genes	128	0	0	0	0	1	0	MYD88_L252P	1	0	0	0	2	0	0	PIM1_37171125-37171491_MISSENSE/SPIB_CNA_GENE/TMEM30A_75256102-75284638_NONSENSE
DLBCL11584	EZB	No	Yes	No	No	No	No	No	No	BCL2_TRANSLOC/EZH2_Y641S	Core genes	127	0	2	0	1	0	0	BCL2_TRANSLOC/EZH2_Y641S/STAT6_D419H	0	3	0	0	1	0	0	TNFRSF14_2556665-2563273_NONSENSE/CREBBP_CNA_GENE/REL_CNA_GENE/BCL2_CNA_GENE
DLBCL11205	BN2	Yes	No	No	No	No	No	No	No	BCL6_TRANSLOC	Core genes	126	1	0	0	0	0	0	BCL6_TRANSLOC	0	1	0	0	2	0	0	TNFRSF14_2556665-2563273_FRAME_SHIFT/CDKN2A_CNA_GENE/SPIB_CNA_GENE
DLBCL10939	JS3	No	No	Yes	No	No	No	No	No	DUSP2_96144770-96145032_MISSENSE/DUSP2_96144770-96145032_NONSENSE/TET2_105233943-105276519_NONSENSE	Core genes	126	0	0	3	0	0	0	DUSP2_96144770-96145032_MISSENSE/DUSP2_96144770-96145032_NONSENSE/TET2_105233943-105276519_NONSENSE	4	1	1	0	0	0	0	BCL10_85267630-85270618_NONSENSE/KLF2_16324924-16327031_FRAME_SHIFT/TNFAIP3_137871228-137881319_FRAME_SHIFT/CD70_CNA_GENE/SGK1_134172199-134207425_MISSENSE/TNFRSF14_2556665-2563273_FRAME_SHIFT
DLBCL10873	JS3	No	No	Yes	No	No	No	No	No	DUSP2_96144770-96145032_MISSENSE/ASXL1_32358776-32437338_FRAME_SHIFT	Core+extended genes	126	0	1	1	0	0	1	DUSP2_96144770-96145032_MISSENSE/EZH2_Y641F/NOTCH1_136496074-136497558_NONSENSE	0	0	1	0	0	0	0	ASXL1_32358776-32437338_FRAME_SHIFT
DLBCL11670	EZB	No	Yes	No	No	No	No	No	No	BCL2_TRANSLOC/EZH2_Y641N	Core genes	126	0	2	0	0	0	0	BCL2_TRANSLOC/EZH2_Y641N	0	1	0	0	0	0	0	MEF2B_D83V
DLBCL11450	MCD	No	No	No	No	Yes	No	No	No	CD79B_Y196D/MYD88_L252P	Core genes	126	0	0	0	0	2	0	CD79B_Y196D/MYD88_L252P	3	1	1	0	4	0	0	CARD11_C49Y/TMEM30A_CNA_GENE/TNFAIP3_CNA_GENE/PIM1_37171125-37171491_MISSENSE/CDKN2A_CNA_GENE/PRDM1_CNA_GENE/SPIB_CNA_GENE/PTPRK_CNA_GENE/SESN1_CNA_GENE
DLBCL11445	MCD	No	No	No	No	Yes	No	No	No	MYD88_S206C	Hierarchy extended	125	0	0	0	0	0	0		1	0	0	1	1	0	0	MYD88_S206C/TMEM30A_75256102-75284638_NONSENSE/XPO1_E571K
DLBCL10931	BN2	Yes	No	No	No	No	No	Yes	No	BCL6_TRANSLOC/CCND3_41935943-41936095_FRAME_SHIFT	Core genes	125	1	0	0	0	0	0	BCL6_TRANSLOC	0	0	0	0	2	1	0	BTG1_Q36H/IKZF3_L162R/CCND3_41935943-41936095_FRAME_SHIFT
DLBCL10917	MCD	No	No	No	No	Yes	No	No	Yes	PIM1_37171125-37171491_MISSENSE/PRDM1_CNA_GENE/BCL2_CNA_GENE/MALT1_CNA_GENE/TP53_7669609-7676594_NONSENSE/TP53_CNA_GENE	Extended genes	125	0	0	0	0	0	0		3	3	1	1	4	0	2	CREBBP_3731264-3744909_MISSENSE/TNFRSF14_CNA_GENE/SESN1_CNA_GENE/PIM1_37171125-37171491_MISSENSE/PRDM1_CNA_GENE/BCL2_CNA_GENE/MALT1_CNA_GENE/TP53_7669609-7676594_NONSENSE/TP53_CNA_GENE/NFKBIE_CNA_GENE/PTPRK_CNA_GENE/TMEM30A_CNA_GENE/TNFAIP3_CNA_GENE/KLHL21_CNA_GENE
DLBCL11665	JS3	No	No	Yes	No	No	No	No	No	TET2_105233943-105276519_FRAME_SHIFT	Core genes	125	0	0	1	0	0	0	TET2_105233943-105276519_FRAME_SHIFT	1	1	2	0	0	0	0	CARD11_D230N/SGK1_134172199-134207425_FRAME_SHIFT/SGK1_134172199-134207425_MISSENSE/TNFRSF14_2556665-2563273_FRAME_SHIFT
DLBCL11447	MCD	No	No	No	No	Yes	No	No	Yes	MYD88_L252P/TP53_CNA_GENE	Core genes	125	0	0	0	0	1	0	MYD88_L252P	0	1	0	1	5	0	1	BTG1_92144080-92145535_NONSENSE/PIM1_G28D/PIM1_37171125-37171491_MISSENSE/TBL1XR1_Y395C/CDKN2A_CNA_GENE/GNA13_65014257-65056593_NONSENSE/TP53_CNA_GENE/CD58_CNA_GENE
DLBCL11660	EZB	No	Yes	No	No	No	No	Yes	No	ARID1A_26696404-26780756_NONSENSE/TNFRSF14_CNA_GENE/CCND3_I290R	Extended genes	124	0	0	0	0	0	0		0	2	0	0	0	1	0	ARID1A_26696404-26780756_NONSENSE/TNFRSF14_CNA_GENE/CCND3_I290R
TCGA-VB-A8QN	BN2	Yes	No	No	No	No	No	No	No	BCL6_TRANSLOC	Hierarchy core	124	1	0	1	0	0	0	BCL6_TRANSLOC/STAT3_S614R	2	1	2	1	0	0	0	KRAS_L19F/PTPN6_6951513-6960920_NONSENSE/PTEN_87864470-87965472_NONSENSE/SPEN_15848068-15939427_NONSENSE/TNFAIP3_CNA_GENE/CD58_CNA_GENE
CTSP-ACZK	EZB	No	Yes	No	No	No	No	No	No	BCL2_63318463-63318573_MISSENSE/BCL2_63318220-63318357_MISSENSE/BCL2_TRANSLOC/EZH2_Y641N	Core genes	124	0	4	0	0	0	0	BCL2_63318463-63318573_MISSENSE/BCL2_63318220-63318357_MISSENSE/BCL2_TRANSLOC/EZH2_Y641N	2	1	0	3	0	0	0	CREBBP_3727721-3879911_NONSENSE/TNFAIP3_137871228-137881319_FRAME_SHIFT/CD70_CNA_GENE/JAK2_CNA_GENE/CD274_CNA_GENE/PDCD1LG2_CNA_GENE
DLBCL11672	EZB	No	Yes	No	No	No	No	No	No	BCL2_63318220-63318357_MISSENSE/BCL2_TRANSLOC	Core genes	123	0	2	0	0	0	0	BCL2_63318220-63318357_MISSENSE/BCL2_TRANSLOC	1	4	0	0	0	0	0	CREBBP_3731264-3744909_MISSENSE/IRF8_85921150-85921279_FRAME_SHIFT/RHOA_R5Q/REL_CNA_GENE/CD70_CNA_GENE
DLBCL11671	BN2	Yes	No	No	No	No	No	No	Yes	TNFAIP3_137871228-137881319_NONSENSE/CD70_CNA_GENE/TP53_R273C	Extended genes	123	0	0	0	0	0	0		2	0	0	0	0	0	1	TNFAIP3_137871228-137881319_NONSENSE/CD70_CNA_GENE/TP53_R273C
DLBCL11495	MCD	No	No	No	No	Yes	No	No	No	BTG1_Q36H/PIM1_37171125-37171491_MISSENSE	Extended genes	123	0	0	0	0	0	0		0	1	0	1	2	0	0	BTG1_Q36H/PIM1_37171125-37171491_MISSENSE/CD58_116514813-116570972_FRAME_SHIFT/SETD1B_121804738-121830239_NONSENSE
DLBCL10498	EZB	No	Yes	No	No	No	No	Yes	Yes	BCL2_TRANSLOC/EZH2_Y641S/MYC_TRANSLOC/TP53_R273C	Core genes	123	0	2	0	0	0	0	BCL2_TRANSLOC/EZH2_Y641S	0	2	0	0	0	1	1	MYC_TRANSLOC/PIK3CD_E1025G/PIK3R1_K567E/TP53_R273C
DLBCL11428	EZB	No	Yes	No	No	No	No	No	No	BCL2_63318220-63318357_MISSENSE/BCL2_TRANSLOC/EZH2_Y641N	Core genes	123	0	3	0	0	0	0	BCL2_63318220-63318357_MISSENSE/BCL2_TRANSLOC/EZH2_Y641N	0	2	0	0	0	0	0	CREBBP_3731264-3744909_MISSENSE/REL_CNA_GENE
DLBCL10937	MCD	No	No	No	No	Yes	No	Yes	No	IKZF3_L162R/PRDM1_106086554-106107486_NONSENSE/CCND3_41935943-41936095_NONSENSE	Hierarchy extended	122	0	0	0	0	0	0		2	1	0	1	2	1	0	ARID1A_26696404-26780756_NONSENSE/BCL10_85267630-85270618_NONSENSE/TNFAIP3_137871228-137881319_NONSENSE/CCND3_41935943-41936095_NONSENSE/IKZF3_L162R/PRDM1_106086554-106107486_NONSENSE/ZFP36L1_68789533-68792938_FRAME_SHIFT
DLBCL10978	JS3	No	No	Yes	No	No	No	Yes	No	DUSP2_96144770-96145032_FRAME_SHIFT/DUSP2_96144770-96145032_MISSENSE/MYC_TRANSLOC	Core genes	122	0	0	2	0	0	0	DUSP2_96144770-96145032_FRAME_SHIFT/DUSP2_96144770-96145032_MISSENSE	1	2	1	2	0	1	0	CD58_116514813-116570972_FRAME_SHIFT/CD58_116514813-116570972_NONSENSE/CD70_6586020-6591002_FRAME_SHIFT/MYC_TRANSLOC/SGK1_134172199-134207425_FRAME_SHIFT/TNFRSF14_CNA_GENE/REL_CNA_GENE
CTSP-AD50	BN2	Yes	No	No	No	No	No	No	No	BCL6_TRANSLOC/NOTCH2_119915309-119916694_FRAME_SHIFT	Core genes	122	2	0	0	0	0	0	BCL6_TRANSLOC/NOTCH2_119915309-119916694_FRAME_SHIFT	1	1	0	1	0	0	0	MEF2B_19146013-19147730_NONSENSE/NFKBIE_44259219-44265346_FRAME_SHIFT/SPEN_15848068-15939427_NONSENSE
DLBCL10547	JS6	No	No	No	Yes	No	No	No	Yes	CD58_116514813-116570972_MISSENSE/NFKBIA_35402013-35404644_NONSENSE/XPO1_E571K/ZFP36L1_68789533-68792938_NONSENSE/TP53_G245R	Extended genes	122	0	0	0	0	0	0		1	2	1	4	3	0	1	CD58_116514813-116570972_MISSENSE/NFKBIA_35402013-35404644_NONSENSE/XPO1_E571K/ZFP36L1_68789533-68792938_NONSENSE/GNA13_65014257-65056593_NONSENSE/TNFRSF14_2556665-2563273_NONSENSE/PIM1_L2F/PIM1_Q37H/PIM1_H68Y/SGK1_134172199-134207425_FRAME_SHIFT/TNFAIP3_137871228-137881319_FRAME_SHIFT/TP53_G245R
DLBCL11532	EZB	No	Yes	No	No	No	No	No	No	BCL2_TRANSLOC/EZH2_Y641F	Core genes	122	0	2	0	0	0	0	BCL2_TRANSLOC/EZH2_Y641F	1	2	0	3	1	0	0	BTG1_92144080-92145535_FRAME_SHIFT/CD58_116514813-116570972_MISSENSE/NFKBIE_44259219-44265346_FRAME_SHIFT/STAT6_CNA_GENE/TNFAIP3_137871228-137881319_NONSENSE/TNFRSF14_2556665-2563273_FRAME_SHIFT/REL_CNA_GENE
DLBCL10973	N1	No	No	No	No	No	Yes	No	No	NOTCH1_136496074-136497558_FRAME_SHIFT	Core genes	122	0	0	0	0	0	1	NOTCH1_136496074-136497558_FRAME_SHIFT	0	1	0	0	0	0	0	TNFRSF14_C53G
DLBCL11679	BN2	Yes	No	No	No	No	No	No	Yes	BCL6_TRANSLOC/TP53_R273H	Core genes	121	1	0	0	0	0	0	BCL6_TRANSLOC	2	1	1	0	0	0	1	BRAF_L597Q/TMEM30A_75256102-75284638_FRAME_SHIFT/TNFAIP3_137871228-137881319_FRAME_SHIFT/TNFRSF14_2556665-2563273_FRAME_SHIFT/TP53_R273H
DLBCL11242	MCD	No	No	No	No	Yes	No	No	No	CD79B_Y196C/MYD88_L252P	Core genes	120	1	0	0	0	2	0	BCL6_TRANSLOC/CD79B_Y196C/MYD88_L252P	0	0	0	0	2	0	0	PIM1_37171125-37171491_MISSENSE/PRDM1_106086554-106107486_NONSENSE
DLBCL10520	N1	No	No	No	No	No	Yes	No	Yes	NOTCH1_136496074-136497558_NONSENSE/TP53_CNA_GENE	Core genes	120	0	0	0	0	0	1	NOTCH1_136496074-136497558_NONSENSE	0	0	0	1	0	0	1	ZFP36L1_68789533-68792938_FRAME_SHIFT/TP53_CNA_GENE
DLBCL10996	BN2	Yes	No	No	No	No	No	No	No	BCL6_TRANSLOC/NOTCH2_119915309-119916694_NONSENSE	Core genes	119	2	0	0	0	1	0	BCL6_TRANSLOC/NOTCH2_119915309-119916694_NONSENSE/CD79B_Y196S	3	1	1	1	0	0	0	BCL10_85267630-85270618_NONSENSE/TMEM30A_75256102-75284638_FRAME_SHIFT/TNFAIP3_137871228-137881319_FRAME_SHIFT/CD58_116514813-116570972_NONSENSE/SGK1_134172199-134207425_MISSENSE/TNFRSF14_2556665-2563273_NONSENSE
DLBCL11486	BN2	Yes	No	No	No	No	No	Yes	No	BCL6_TRANSLOC/CCND3_41935943-41936095_FRAME_SHIFT	Core genes	119	1	0	0	0	0	0	BCL6_TRANSLOC	0	0	0	1	2	1	0	CCND3_41935943-41936095_FRAME_SHIFT/PRDM1_106086554-106107486_FRAME_SHIFT/CDKN2A_CNA_GENE/CD58_CNA_GENE
DLBCL10999	MCD	No	No	No	No	Yes	No	No	No	MYD88_L252P/PIM1_L2F/PRDM1_106086554-106107486_FRAME_SHIFT/CDKN2A_CNA_GENE	Core+extended genes	119	0	0	1	0	1	0	DUSP2_96144770-96145032_MISSENSE/MYD88_L252P	0	0	0	0	3	0	0	PIM1_L2F/PRDM1_106086554-106107486_FRAME_SHIFT/CDKN2A_CNA_GENE
DLBCL11669	EZB	No	Yes	No	No	No	No	No	No	BCL2_63318463-63318573_MISSENSE/BCL2_TRANSLOC	Core genes	118	0	2	0	0	0	0	BCL2_63318463-63318573_MISSENSE/BCL2_TRANSLOC	2	0	0	0	0	0	0	TMEM30A_75256102-75284638_FRAME_SHIFT/TNFAIP3_137871228-137881319_NONSENSE
DLBCL11504	Other	No	No	No	No	No	No	No	No		No features	118	0	0	0	0	0	0		0	0	0	0	0	0	0	
DLBCL11646	MCD	No	No	No	No	Yes	No	No	No	CDKN2A_CNA_GENE/BCL2_CNA_GENE/MALT1_CNA_GENE	Extended genes	116	0	0	0	0	0	0		0	1	0	0	3	0	0	CREBBP_3727721-3879911_NONSENSE/CDKN2A_CNA_GENE/BCL2_CNA_GENE/MALT1_CNA_GENE
DLBCL11591	EZB	No	Yes	No	No	No	No	No	Yes	BCL2_63318463-63318573_MISSENSE/BCL2_63318220-63318357_MISSENSE/BCL2_TRANSLOC/TP53_CNA_GENE	Core genes	116	0	3	0	0	0	0	BCL2_63318463-63318573_MISSENSE/BCL2_63318220-63318357_MISSENSE/BCL2_TRANSLOC	3	3	1	1	1	0	1	PRDM1_CNA_GENE/PTPRK_CNA_GENE/TNFAIP3_CNA_GENE/KLHL21_CNA_GENE/BCL10_CNA_GENE/TNFRSF14_CNA_GENE/SESN1_CNA_GENE/REL_CNA_GENE/TP53_CNA_GENE/STAT6_CNA_GENE
DLBCL10925	MCD	No	No	No	No	Yes	No	No	No	MYD88_L252P	Core genes	116	0	0	0	0	1	0	MYD88_L252P	0	0	0	0	3	0	0	PIM1_P81S/PIM1_37171125-37171491_MISSENSE/SPIB_CNA_GENE
DLBCL10897	BN2	Yes	No	No	No	No	No	No	No	BCL6_TRANSLOC	Core genes	116	1	0	0	0	0	0	BCL6_TRANSLOC	5	0	0	0	1	0	0	BCL10_85267630-85270618_NONSENSE/TMEM30A_75256102-75284638_NONSENSE/TNFAIP3_137871228-137881319_NONSENSE/CD70_CNA_GENE/NOTCH2_CNA_GENE/CDKN2A_CNA_GENE
TCGA-GS-A9TX	JS6	No	No	No	Yes	No	No	No	Yes	STAT6_E377K/TP53_CNA_GENE	Core genes	116	0	0	0	1	0	0	STAT6_E377K	0	1	0	0	0	0	1	TNFRSF14_CNA_GENE/TP53_CNA_GENE
DLBCL10542	MCD	No	No	No	No	Yes	No	No	No	CD79B_Y196N/KLHL14_32674657-32770591_FRAME_SHIFT/PIM1_37171125-37171491_MISSENSE	Core+extended genes	115	1	0	1	0	1	0	BCL6_TRANSLOC/CD79B_Y196N/DUSP2_96144770-96145032_MISSENSE	0	0	0	0	2	0	0	KLHL14_32674657-32770591_FRAME_SHIFT/PIM1_37171125-37171491_MISSENSE
DLBCL11499	MCD	No	No	No	No	Yes	No	No	Yes	BCL2_CNA_GENE/MALT1_CNA_GENE/TP53_CNA_GENE	Extended genes	115	0	0	0	0	0	0		0	0	0	0	2	0	1	TP53_CNA_GENE/BCL2_CNA_GENE/MALT1_CNA_GENE
DLBCL10506	BN2	Yes	No	No	No	No	No	No	Yes	BCL6_TRANSLOC/TP53_7669609-7676594_NONSENSE/TP53_R248Q	Core genes	114	1	0	0	0	0	0	BCL6_TRANSLOC	3	0	0	0	1	0	2	BCL10_85267630-85270618_NONSENSE/TNFAIP3_137871228-137881319_FRAME_SHIFT/TNFAIP3_137871228-137881319_NONSENSE/PIM1_37171125-37171491_MISSENSE/TP53_7669609-7676594_NONSENSE/TP53_R248Q
DLBCL11507	BN2	Yes	No	No	No	No	No	No	Yes	BCL6_TRANSLOC/TP53_7669609-7676594_NONSENSE/TP53_R273C/TP53_CNA_GENE	Core genes	114	1	0	0	0	0	0	BCL6_TRANSLOC	0	2	0	0	0	0	3	IRF8_T80A/FAS_CNA_GENE/TP53_7669609-7676594_NONSENSE/TP53_R273C/TP53_CNA_GENE
DLBCL10553	JS3	No	No	Yes	No	No	No	No	No	DUSP2_96144770-96145032_FRAME_SHIFT/DUSP2_96144770-96145032_MISSENSE	Core genes	114	0	0	2	0	0	0	DUSP2_96144770-96145032_FRAME_SHIFT/DUSP2_96144770-96145032_MISSENSE	0	2	2	1	1	0	0	CREBBP_3731264-3744909_MISSENSE/MEF2B_D83V/SGK1_134172199-134207425_FRAME_SHIFT/SGK1_134172199-134207425_MISSENSE/ZFP36L1_68789533-68792938_FRAME_SHIFT/CDKN2A_CNA_GENE
DLBCL11498	BN2	Yes	No	No	No	No	No	No	Yes	BCL6_TRANSLOC/TP53_7669609-7676594_FRAME_SHIFT/TP53_CNA_GENE	Core genes	114	1	0	0	0	0	0	BCL6_TRANSLOC	4	1	1	1	1	0	2	BCL10_85270619-85276352_MISSENSE/TNFAIP3_CNA_GENE/CD70_CNA_GENE/BCL10_CNA_GENE/TP53_7669609-7676594_FRAME_SHIFT/TP53_CNA_GENE/PRDM1_CNA_GENE/PTPRK_CNA_GENE/CD58_CNA_GENE/SESN1_CNA_GENE
DLBCL11576	JS3	No	No	Yes	No	No	No	No	Yes	KRAS_25245346-25245351_MISSENSE/SGK1_134172199-134207425_MISSENSE/TP53_CNA_GENE	Extended genes	113	0	0	0	0	0	0		0	1	2	0	0	0	1	KRAS_25245346-25245351_MISSENSE/SGK1_134172199-134207425_MISSENSE/TNFRSF14_2556665-2563273_NONSENSE/TP53_CNA_GENE
TCGA-FA-A4XK	EZB	No	Yes	No	No	No	No	No	No	GNA13_CNA_GENE/SESN1_CNA_GENE	Extended genes	113	0	0	0	0	0	0		0	2	0	1	1	0	0	GNA13_CNA_GENE/SESN1_CNA_GENE/PRDM1_CNA_GENE/STAT6_CNA_GENE
TCGA-FF-A7CX	BN2	Yes	No	No	No	No	No	No	No	CARD11_C49Y/KLF2_16324924-16327031_FRAME_SHIFT/TNFAIP3_137871228-137881319_FRAME_SHIFT/TMEM30A_CNA_GENE/TNFAIP3_CNA_GENE/CD70_CNA_GENE	Extended genes	113	0	0	0	0	0	0		6	1	1	0	1	0	0	CARD11_C49Y/KLF2_16324924-16327031_FRAME_SHIFT/TNFAIP3_137871228-137881319_FRAME_SHIFT/TMEM30A_CNA_GENE/TNFAIP3_CNA_GENE/CD70_CNA_GENE/PRDM1_CNA_GENE/PTPRK_CNA_GENE/SESN1_CNA_GENE
TCGA-GR-A4D4	EZB	No	Yes	No	No	No	No	No	Yes	CREBBP_3731264-3744909_MISSENSE/TP53_7669609-7676594_FRAME_SHIFT/TP53_CNA_GENE	Extended genes	113	0	0	0	0	0	0		0	1	0	0	0	0	2	CREBBP_3731264-3744909_MISSENSE/TP53_7669609-7676594_FRAME_SHIFT/TP53_CNA_GENE
DLBCL10508	MCD	No	No	No	No	Yes	No	Yes	No	MYD88_L252P/CCND3_41935943-41936095_FRAME_SHIFT	Core genes	113	0	0	0	0	1	0	MYD88_L252P	3	1	1	1	4	1	0	BTG2_203305607-203307438_FRAME_SHIFT/BTG2_203305607-203307438_NONSENSE/PIM1_37171125-37171491_MISSENSE/PRDM1_CNA_GENE/CCND3_41935943-41936095_FRAME_SHIFT/PTPRK_CNA_GENE/TMEM30A_CNA_GENE/TNFAIP3_CNA_GENE/KLHL21_CNA_GENE/SESN1_CNA_GENE/STAT6_CNA_GENE
DLBCL11661	BN2/EZB	Yes	Yes	No	No	No	No	Yes	No	REL_CNA_GENE/TNFAIP3_137871228-137881319_FRAME_SHIFT/MYC_TRANSLOC	Hierarchy extended	113	0	0	0	0	0	0		1	1	1	0	0	1	0	MYC_TRANSLOC/SGK1_134172199-134207425_MISSENSE/TNFAIP3_137871228-137881319_FRAME_SHIFT/REL_CNA_GENE
DLBCL11560	JS6	No	No	No	Yes	No	No	No	No	CD83_A17T/NFKBIA_35402013-35404644_FRAME_SHIFT	Extended genes	112	0	0	0	0	0	0		1	1	1	2	0	0	0	CD83_A17T/NFKBIA_35402013-35404644_FRAME_SHIFT/SGK1_134172199-134207425_MISSENSE/CD70_CNA_GENE/REL_CNA_GENE
DLBCL10848	MCD	No	No	No	No	Yes	No	No	No	CD79B_Y196D/MYD88_L252P	Core genes	112	1	0	0	0	2	0	BCL6_TRANSLOC/CD79B_Y196D/MYD88_L252P	0	0	0	0	4	0	0	CDKN2A_21968229-21974827_FRAME_SHIFT/PIM1_G28D/PIM1_H68Y/PIM1_37171125-37171491_MISSENSE
DLBCL10985	N1	No	No	No	No	No	Yes	No	Yes	NOTCH1_136496074-136497558_FRAME_SHIFT/TP53_7669609-7676594_FRAME_SHIFT	Core genes	112	0	0	0	0	0	1	NOTCH1_136496074-136497558_FRAME_SHIFT	1	1	0	0	0	0	1	TNFAIP3_137871228-137881319_FRAME_SHIFT/TP53_7669609-7676594_FRAME_SHIFT/REL_CNA_GENE
DLBCL11261	MCD	No	No	No	No	Yes	No	No	No	TBL1XR1_177025498-177064977_FRAME_SHIFT/TBL1XR1_CNA_GENE	Extended mutations	111	0	0	0	0	0	0		0	1	0	0	2	0	0	TBL1XR1_177025498-177064977_FRAME_SHIFT/TBL1XR1_CNA_GENE/ARID1A_CNA_GENE
DLBCL11443	BN2	Yes	No	No	No	No	No	No	No	BCL6_TRANSLOC/NOTCH2_119915309-119916694_NONSENSE	Core genes	111	2	1	0	0	0	0	BCL6_TRANSLOC/NOTCH2_119915309-119916694_NONSENSE/EZH2_Y641H	2	1	0	0	1	0	0	GNA13_65014257-65056593_FRAME_SHIFT/PRDM1_106086554-106107486_NONSENSE/TMEM30A_75256102-75284638_FRAME_SHIFT/TNFAIP3_137871228-137881319_FRAME_SHIFT
DLBCL10833	BN2	Yes	No	No	No	No	No	Yes	No	BCL6_TRANSLOC/MYC_TRANSLOC	Core genes	110	1	0	0	0	0	0	BCL6_TRANSLOC	1	1	0	0	4	1	0	BTG1_Q36H/BTG2_203305607-203307438_FRAME_SHIFT/PIM1_37171125-37171491_MISSENSE/CDKN2A_CNA_GENE/CREBBP_3731264-3744909_MISSENSE/MYC_TRANSLOC/TMEM30A_75256102-75284638_NONSENSE
DLBCL10889	MCD	No	No	No	No	Yes	No	No	No	MYD88_L252P	Core genes	110	0	0	0	0	1	0	MYD88_L252P	0	0	0	1	2	0	0	PIM1_37171125-37171491_MISSENSE/PRDM1_106086554-106107486_FRAME_SHIFT/CD58_CNA_GENE
DLBCL11181	BN2	Yes	No	No	No	No	No	No	No	BCL6_TRANSLOC/NOTCH2_119915309-119916694_FRAME_SHIFT/NOTCH2_119915309-119916694_NONSENSE	Core genes	110	3	0	0	0	0	0	BCL6_TRANSLOC/NOTCH2_119915309-119916694_FRAME_SHIFT/NOTCH2_119915309-119916694_NONSENSE	1	3	2	0	1	0	0	CREBBP_3727721-3879911_FRAME_SHIFT/IRF8_N87Y/MEF2B_19146013-19147730_NONSENSE/PIM1_37171125-37171491_MISSENSE/SGK1_134172199-134207425_FRAME_SHIFT/SGK1_134172199-134207425_MISSENSE/SPEN_15848068-15939427_FRAME_SHIFT
DLBCL10885	MCD	No	No	No	No	Yes	No	No	No	MYD88_V204F/PRDM1_106086554-106107486_NONSENSE/CDKN2A_CNA_GENE/PRDM1_CNA_GENE	Extended mutations	109	0	0	0	0	0	0		3	1	1	0	4	0	0	MYD88_V204F/PRDM1_106086554-106107486_NONSENSE/CDKN2A_CNA_GENE/PRDM1_CNA_GENE/PTPRK_CNA_GENE/TMEM30A_CNA_GENE/TNFAIP3_CNA_GENE/CD70_CNA_GENE/SESN1_CNA_GENE
DLBCL10856	MCD	No	No	No	No	Yes	No	No	Yes	CD79B_Y196H/TP53_CNA_GENE	Core genes	109	0	0	0	0	1	0	CD79B_Y196H	5	1	1	0	2	0	1	PIM1_37171125-37171491_MISSENSE/PRDM1_CNA_GENE/TMEM30A_75256102-75284638_FRAME_SHIFT/TMEM30A_CNA_GENE/TNFAIP3_CNA_GENE/CD70_CNA_GENE/KLF2_CNA_GENE/PTPRK_CNA_GENE/TP53_CNA_GENE/SESN1_CNA_GENE
DLBCL10843	BN2	Yes	No	No	No	No	No	No	No	BCL6_TRANSLOC/NOTCH2_119915309-119916694_NONSENSE	Core genes	109	2	0	0	0	0	0	BCL6_TRANSLOC/NOTCH2_119915309-119916694_NONSENSE	2	1	0	1	3	0	0	CREBBP_3727721-3879911_FRAME_SHIFT/NFKBIE_44259219-44265346_FRAME_SHIFT/SPEN_15848068-15939427_NONSENSE/TMEM30A_CNA_GENE/CDKN2A_CNA_GENE/BCL2_CNA_GENE/MALT1_CNA_GENE
DLBCL10530	MCD	No	No	No	No	Yes	No	No	No	CD79B_Y196N/MYD88_L252P	Core genes	109	0	0	1	0	2	0	CD79B_Y196N/MYD88_L252P/DUSP2_96144770-96145032_MISSENSE	0	2	0	0	2	0	0	ARID1A_26696404-26780756_NONSENSE/SETD1B_121804738-121830239_FRAME_SHIFT/PRDM1_106086554-106107486_NONSENSE/SPIB_CNA_GENE
DLBCL10476	JS6	No	No	No	Yes	No	No	No	No	SOCS1_11254843-11255478_FRAME_SHIFT/NFKBIA_35402013-35404644_FRAME_SHIFT/ZFP36L1_68789533-68792938_FRAME_SHIFT/ZFP36L1_68789533-68792938_NONSENSE	Core+extended genes	109	0	3	0	1	0	0	BCL2_63318463-63318573_MISSENSE/BCL2_63318220-63318357_MISSENSE/BCL2_TRANSLOC/SOCS1_11254843-11255478_FRAME_SHIFT	2	1	1	3	1	0	0	DTX1_D75A/CD70_CNA_GENE/NFKBIA_35402013-35404644_FRAME_SHIFT/ZFP36L1_68789533-68792938_FRAME_SHIFT/ZFP36L1_68789533-68792938_NONSENSE/PIM1_G28D/SGK1_134172199-134207425_MISSENSE/TNFRSF14_2556665-2563273_NONSENSE
DLBCL10531	MCD	No	No	No	No	Yes	No	Yes	No	CDKN2A_CNA_GENE/BCL2_CNA_GENE/MALT1_CNA_GENE/CCND3_I290R	Extended genes	108	0	0	0	0	0	0		1	2	0	0	3	1	0	CCND3_I290R/CD70_6586020-6591002_FRAME_SHIFT/CREBBP_3727721-3879911_NONSENSE/REL_CNA_GENE/CDKN2A_CNA_GENE/BCL2_CNA_GENE/MALT1_CNA_GENE
DLBCL11436	JS3	No	No	Yes	No	No	No	No	Yes	KRAS_G12R/TP53_CNA_GENE	Extended genes	108	0	0	0	0	0	0		0	0	1	0	0	0	1	KRAS_G12R/TP53_CNA_GENE
DLBCL11193	EZB	No	Yes	No	No	No	No	No	No	BCL2_63318220-63318357_MISSENSE/BCL2_TRANSLOC/GNA13_65014257-65056593_NONSENSE/TNFRSF14_CNA_GENE/REL_CNA_GENE	Core+extended genes	108	1	2	0	0	0	0	BCL2_63318220-63318357_MISSENSE/BCL2_TRANSLOC/BCL6_TRANSLOC	2	3	0	2	2	0	0	CD83_A17T/ZFP36L1_68789533-68792938_FRAME_SHIFT/GNA13_65014257-65056593_NONSENSE/TNFRSF14_CNA_GENE/REL_CNA_GENE/PIM1_37171125-37171491_MISSENSE/MALT1_CNA_GENE/SPEN_15848068-15939427_NONSENSE/KLHL21_CNA_GENE
DLBCL11531	EZB	No	Yes	No	No	No	No	No	No	CREBBP_3727721-3879911_NONSENSE/CREBBP_3731264-3744909_MISSENSE/MEF2B_19146013-19147730_FRAME_SHIFT/PTEN_CNA_GENE	Extended genes	108	0	0	0	0	0	0		1	4	0	0	0	0	0	CREBBP_3727721-3879911_NONSENSE/CREBBP_3731264-3744909_MISSENSE/MEF2B_19146013-19147730_FRAME_SHIFT/PTEN_CNA_GENE/BCL10_CNA_GENE
DLBCL11433	EZB	No	Yes	No	No	No	No	No	No	ARID1A_26696404-26780756_NONSENSE/SETD1B_121804738-121830239_FRAME_SHIFT	Extended genes	108	0	0	0	0	0	0		0	2	0	0	2	0	0	ARID1A_26696404-26780756_NONSENSE/SETD1B_121804738-121830239_FRAME_SHIFT/PIM1_E79D/PIM1_P81S
DLBCL10518	EZB	No	Yes	No	No	No	No	Yes	No	EZH2_Y641F/MYC_TRANSLOC	Core genes	107	0	1	0	0	0	0	EZH2_Y641F	0	1	0	1	0	1	0	MYC_TRANSLOC/NFKBIA_35402013-35404644_FRAME_SHIFT/REL_CNA_GENE
CTSP-B02D	MCD	No	No	No	No	Yes	No	Yes	No	PRDM1_106086554-106107486_FRAME_SHIFT/CDKN2A_CNA_GENE/CCND3_41935943-41936095_FRAME_SHIFT	Extended genes	107	0	0	0	0	0	0		0	1	0	0	2	1	0	CCND3_41935943-41936095_FRAME_SHIFT/PRDM1_106086554-106107486_FRAME_SHIFT/CDKN2A_CNA_GENE/SETD1B_121804738-121830239_NONSENSE
DLBCL10994	TP53+	No	No	No	No	No	No	No	Yes	TP53_7669609-7676594_FRAME_SHIFT	Only statuses	107	0	0	0	0	0	0		0	0	0	0	0	0	1	TP53_7669609-7676594_FRAME_SHIFT
DLBCL10566	MCD	No	No	No	No	Yes	No	No	No	BCL2_CNA_GENE/MALT1_CNA_GENE	Extended genes	106	0	0	0	0	0	0		0	0	0	0	2	0	0	BCL2_CNA_GENE/MALT1_CNA_GENE
DLBCL11203	JS3	No	No	Yes	No	No	No	Yes	Yes	DUSP2_96144770-96145032_FRAME_SHIFT/CCND3_P284L/TP53_C176F	Hierarchy core	106	0	0	1	0	0	1	DUSP2_96144770-96145032_FRAME_SHIFT/NOTCH1_136496074-136497558_NONSENSE	0	1	0	0	3	1	1	CCND3_P284L/TP53_C176F/BCL2_CNA_GENE/MALT1_CNA_GENE/SPIB_CNA_GENE/REL_CNA_GENE
DLBCL10901	MCD	No	No	No	No	Yes	No	No	No	MYD88_L252P	Core genes	105	0	0	0	0	1	0	MYD88_L252P	3	1	1	0	6	0	0	PIM1_P81S/PIM1_37171125-37171491_MISSENSE/PRDM1_106086554-106107486_FRAME_SHIFT/CDKN2A_CNA_GENE/PRDM1_CNA_GENE/SPIB_CNA_GENE/PTPRK_CNA_GENE/TMEM30A_CNA_GENE/TNFAIP3_CNA_GENE/KLF2_CNA_GENE/SESN1_CNA_GENE
DLBCL10945	BN2	Yes	No	No	No	No	No	No	No	BCL6_TRANSLOC	Core genes	105	1	0	0	0	0	0	BCL6_TRANSLOC	1	0	0	0	1	0	0	BTG2_203305607-203307438_FRAME_SHIFT/SPEN_15848068-15939427_NONSENSE
DLBCL11262	MCD	No	No	No	No	Yes	No	No	No	CDKN2A_CNA_GENE/BCL2_CNA_GENE/MALT1_CNA_GENE	Extended genes	105	0	0	0	0	0	0		0	0	0	0	3	0	0	CDKN2A_CNA_GENE/BCL2_CNA_GENE/MALT1_CNA_GENE
DLBCL11681	EZB	No	Yes	No	No	No	No	No	No	ARID1A_26696404-26780756_NONSENSE/TNFRSF14_2556665-2563273_NONSENSE/PTEN_CNA_GENE/FAS_CNA_GENE	Extended genes	105	0	0	0	0	0	0		1	4	0	1	0	0	0	ARID1A_26696404-26780756_NONSENSE/TNFRSF14_2556665-2563273_NONSENSE/PTEN_CNA_GENE/FAS_CNA_GENE/CD58_116514813-116570972_FRAME_SHIFT/TNFAIP3_137871228-137881319_FRAME_SHIFT
DLBCL10884	BN2	Yes	No	No	No	No	No	No	No	BCL6_TRANSLOC	Core genes	105	1	0	0	0	0	0	BCL6_TRANSLOC	0	0	1	1	1	0	0	NFKBIE_44259219-44265346_FRAME_SHIFT/SOCS3_78358418-78359095_FRAME_SHIFT/CDKN2A_CNA_GENE
DLBCL11523	BN2	Yes	No	No	No	No	No	No	No	TMEM30A_75256102-75284638_FRAME_SHIFT/TMEM30A_75256102-75284638_NONSENSE	Extended mutations	105	0	0	0	0	0	0		2	1	0	0	0	0	0	ARID1A_26696404-26780756_NONSENSE/TMEM30A_75256102-75284638_FRAME_SHIFT/TMEM30A_75256102-75284638_NONSENSE
DLBCL10548	BN2	Yes	No	No	No	No	No	No	Yes	BCL6_TRANSLOC/NOTCH2_119915309-119916694_NONSENSE/TP53_CNA_GENE	Core genes	105	2	0	0	0	0	0	BCL6_TRANSLOC/NOTCH2_119915309-119916694_NONSENSE	4	1	2	0	2	0	1	CD70_6586020-6591002_FRAME_SHIFT/TMEM30A_75256102-75284638_NONSENSE/TMEM30A_CNA_GENE/TNFAIP3_CNA_GENE/MAP2K1_F53L/PTPRK_CNA_GENE/MYD88_T281/PRDM1_CNA_GENE/TP53_CNA_GENE/SESN1_CNA_GENE
DLBCL11208	MCD	No	No	No	No	Yes	No	Yes	Yes	CD79B_Y196F/MYC_CNA_GENE/TP53_P278S	Hierarchy core	104	1	0	0	0	1	0	CD79B_Y196F/NOTCH2_119915309-119916694_FRAME_SHIFT	0	0	0	0	0	1	1	TP53_P278S/MYC_CNA_GENE
DLBCL10852	MCD	No	No	No	No	Yes	No	No	No	BTG2_203305607-203307438_NONSENSE/PIM1_37171125-37171491_MISSENSE/BCL2_CNA_GENE/MALT1_CNA_GENE/SPIB_CNA_GENE	Extended genes	104	0	0	0	0	0	0		1	0	0	0	5	0	0	BTG2_203305607-203307438_NONSENSE/PIM1_37171125-37171491_MISSENSE/BCL2_CNA_GENE/MALT1_CNA_GENE/SPIB_CNA_GENE/TNFAIP3_137871228-137881319_FRAME_SHIFT
DLBCL10960	BN2	Yes	No	No	No	No	No	No	No	BCL6_TRANSLOC	Core genes	104	1	0	0	0	0	0	BCL6_TRANSLOC	2	0	0	1	0	0	0	TMEM30A_75256102-75284638_FRAME_SHIFT/TNFAIP3_137871228-137881319_FRAME_SHIFT/XPO1_E571K
DLBCL11271	MCD	No	No	No	No	Yes	No	No	No	KLHL14_32674657-32770591_NONSENSE/PRDM1_106086554-106107486_FRAME_SHIFT	Extended genes	104	0	0	0	0	0	0		0	0	0	0	2	0	0	KLHL14_32674657-32770591_NONSENSE/PRDM1_106086554-106107486_FRAME_SHIFT
DLBCL10499	BN2	Yes	No	No	No	No	No	No	No	NOTCH2_119915309-119916694_FRAME_SHIFT	Core genes	104	1	0	0	0	0	0	NOTCH2_119915309-119916694_FRAME_SHIFT	0	0	0	1	2	0	0	CD58_116514813-116570972_MISSENSE/CDKN2A_CNA_GENE/SPIB_CNA_GENE
DLBCL10486	BN2/EZB	Yes	Yes	No	No	No	No	No	No	MEF2B_19146013-19147730_FRAME_SHIFT/BCL10_85267630-85270618_NONSENSE	Hierarchy extended	104	0	0	0	0	0	0		1	1	0	0	0	0	0	BCL10_85267630-85270618_NONSENSE/MEF2B_19146013-19147730_FRAME_SHIFT
CTSP-ACY8	MCD	No	No	No	No	Yes	No	No	Yes	PIM1_E79D/PRDM1_106086554-106107486_FRAME_SHIFT/TBL1XR1_S459N/CDKN2A_CNA_GENE/PRDM1_CNA_GENE/SPIB_CNA_GENE/TP53_CNA_GENE	Extended genes	104	0	0	0	0	0	0		1	1	1	0	6	0	1	PIM1_E79D/PRDM1_106086554-106107486_FRAME_SHIFT/TBL1XR1_S459N/CDKN2A_CNA_GENE/PRDM1_CNA_GENE/SPIB_CNA_GENE/PTPRK_CNA_GENE/TNFAIP3_CNA_GENE/TP53_CNA_GENE/SESN1_CNA_GENE
DLBCL10879	EZB	No	Yes	No	No	No	No	No	No	BCL2_63318463-63318573_MISSENSE/BCL2_TRANSLOC/CREBBP_3731264-3744909_MISSENSE/TNFRSF14_2556665-2563273_NONSENSE	Core+extended genes	102	0	2	0	1	0	0	BCL2_63318463-63318573_MISSENSE/BCL2_TRANSLOC/SOCS1_11254843-11255478_NONSENSE	0	2	1	0	4	0	0	BTG1_92144080-92145535_NONSENSE/MYD88_S206C/PIM1_L2V/CDKN2A_CNA_GENE/CREBBP_3731264-3744909_MISSENSE/TNFRSF14_2556665-2563273_NONSENSE/SOCS3_78358418-78359095_FRAME_SHIFT
DLBCL11530	EZB	No	Yes	No	No	No	No	No	Yes	BCL2_TRANSLOC/TP53_CNA_GENE	Core genes	102	0	1	0	0	0	0	BCL2_TRANSLOC	0	3	0	2	2	0	1	CREBBP_3731264-3744909_MISSENSE/TNFRSF14_2556665-2563273_NONSENSE/REL_CNA_GENE/NFKBIA_35402013-35404644_FRAME_SHIFT/NFKBIA_35402013-35404644_NONSENSE/TP53_CNA_GENE/BCL2_CNA_GENE/MALT1_CNA_GENE
DLBCL11256	MCD	No	No	No	No	Yes	No	No	No	CD79B_Y196C	Core genes	102	0	0	0	0	1	0	CD79B_Y196C	0	1	0	0	2	0	0	MEF2B_E77K/PIM1_G28D/BCL2_CNA_GENE
DLBCL11449	MCD	No	No	No	No	Yes	No	Yes	No	CD79B_Y196N/BCL2_CNA_GENE/MALT1_CNA_GENE/CCND3_41935943-41936095_FRAME_SHIFT	Core+extended genes	101	0	0	1	0	1	0	CD79B_Y196N/DUSP2_96144770-96145032_MISSENSE	0	0	0	0	2	1	0	CCND3_41935943-41936095_FRAME_SHIFT/BCL2_CNA_GENE/MALT1_CNA_GENE
DLBCL10457	MCD	No	No	No	No	Yes	No	Yes	No	CDKN2A_CNA_GENE/BCL2_CNA_GENE/MALT1_CNA_GENE/CCND3_T283A	Extended genes	101	0	0	0	0	0	0		0	1	0	0	3	1	0	CCND3_T283A/SETD1B_121804738-121830239_FRAME_SHIFT/CDKN2A_CNA_GENE/BCL2_CNA_GENE/MALT1_CNA_GENE
DLBCL10913	BN2	Yes	No	No	No	No	No	No	Yes	BCL6_TRANSLOC/TP53_R248Q	Core genes	101	1	0	0	0	0	0	BCL6_TRANSLOC	2	1	0	0	1	0	1	BTG2_203305607-203307438_NONSENSE/IRF8_85921150-85921279_FRAME_SHIFT/TNFAIP3_137871228-137881319_NONSENSE/CD70_CNA_GENE/TP53_R248Q
DLBCL10935	BN2	Yes	No	No	No	No	No	No	No	BCL6_TRANSLOC/NOTCH2_119915309-119916694_FRAME_SHIFT	Core genes	101	2	0	0	0	0	0	BCL6_TRANSLOC/NOTCH2_119915309-119916694_FRAME_SHIFT	0	1	0	0	0	0	0	CREBBP_3727721-3879911_FRAME_SHIFT
DLBCL11528	EZB	No	Yes	No	No	No	No	No	No	SMARCA4_CNA_GENE/REL_CNA_GENE	Extended genes	101	0	0	0	0	0	0		1	2	0	0	0	0	0	SMARCA4_CNA_GENE/REL_CNA_GENE/CD70_CNA_GENE
DLBCL10891	MCD	No	No	No	No	Yes	No	No	No	MYD88_L252P	Core genes	101	0	0	0	0	1	0	MYD88_L252P	2	3	0	0	2	0	0	GNA13_65014257-65056593_FRAME_SHIFT/GNA13_65014257-65056593_NONSENSE/MEF2B_19146013-19147730_FRAME_SHIFT/KLHL14_32674657-32770591_NONSENSE/PIM1_37171125-37171491_MISSENSE/TNFAIP3_137871228-137881319_NONSENSE/CD70_CNA_GENE
DLBCL10459	EZB	No	Yes	No	No	No	No	No	Yes	BCL2_63318463-63318573_MISSENSE/BCL2_63318220-63318357_MISSENSE/BCL2_TRANSLOC/EZH2_Y641N/TP53_CNA_GENE	Core genes	100	0	4	0	0	0	0	BCL2_63318463-63318573_MISSENSE/BCL2_63318220-63318357_MISSENSE/BCL2_TRANSLOC/EZH2_Y641N	1	0	0	0	0	0	1	TP53_CNA_GENE/CD70_CNA_GENE
DLBCL10983	MCD	No	No	No	No	Yes	No	No	Yes	MYD88_L252P/TP53_CNA_GENE	Core genes	100	0	0	0	0	1	0	MYD88_L252P	0	1	0	1	2	0	1	SETD1B_121804738-121830239_FRAME_SHIFT/CDKN2A_CNA_GENE/SPIB_CNA_GENE/TP53_CNA_GENE/PDCD1LG2_CNA_GENE
DLBCL11493	MCD	No	No	No	No	Yes	No	No	No	MYD88_L252P	Core genes	100	0	0	0	0	1	0	MYD88_L252P	0	1	0	0	1	0	0	SETD1B_121804738-121830239_FRAME_SHIFT/CDKN2A_CNA_GENE
DLBCL10936	Other	No	No	No	No	No	No	No	No		No features	100	0	0	0	0	0	0		0	0	0	0	0	0	0	
DLBCL10990	MCD	No	No	No	No	Yes	No	No	No	CDKN2A_CNA_GENE/BCL2_CNA_GENE/MALT1_CNA_GENE	Extended genes	100	0	0	0	0	0	0		0	0	0	0	3	0	0	CDKN2A_CNA_GENE/BCL2_CNA_GENE/MALT1_CNA_GENE
DLBCL10894	BN2	Yes	No	No	No	No	No	No	Yes	BCL6_TRANSLOC/TP53_CNA_GENE	Core genes	100	1	0	0	0	0	0	BCL6_TRANSLOC	1	1	0	2	0	0	1	CD58_116514813-116570972_NONSENSE/STAT6_CNA_GENE/IRF8_85921150-85921279_FRAME_SHIFT/SPEN_15848068-15939427_NONSENSE/TP53_CNA_GENE
CTSP-AD1R	MCD	No	No	No	No	Yes	No	No	No	CD79B_Y196H/MYD88_L252P	Core genes	99	0	0	0	0	2	0	CD79B_Y196H/MYD88_L252P	0	1	0	1	6	0	0	BTG1_Q36H/PIM1_G28D/PIM1_S75F/PIM1_E79D/PIM1_37171125-37171491_MISSENSE/CDKN2A_CNA_GENE/CD58_116514813-116570972_NONSENSE/SETD1B_121804738-121830239_FRAME_SHIFT
DLBCL10524	JS6	No	No	No	Yes	No	No	Yes	No	SOCS1_S116N/MYC_CNA_GENE	Core genes	99	0	0	0	1	0	0	SOCS1_S116N	1	1	0	1	0	1	0	TNFRSF14_CNA_GENE/KLHL21_CNA_GENE/STAT6_CNA_GENE/MYC_CNA_GENE
DLBCL10507	MCD	No	No	No	No	Yes	No	No	Yes	CDKN2A_CNA_GENE/PRDM1_CNA_GENE/BCL2_CNA_GENE/MALT1_CNA_GENE/TP53_Y205D/TP53_CNA_GENE	Extended genes	99	0	0	0	0	0	0		2	2	2	0	4	0	2	TP53_Y205D/TP53_CNA_GENE/CDKN2A_CNA_GENE/PRDM1_CNA_GENE/BCL2_CNA_GENE/MALT1_CNA_GENE/PTPRK_CNA_GENE/DNMT3A_CNA_GENE/TMEM30A_CNA_GENE/TNFAIP3_CNA_GENE/SESN1_CNA_GENE/REL_CNA_GENE
DLBCL10854	MCD	No	No	No	No	Yes	No	No	Yes	MYD88_L252P/TP53_7669609-7676594_NONSENSE/TP53_CNA_GENE	Core genes	99	0	0	0	0	1	0	MYD88_L252P	0	0	0	1	5	0	2	CD58_116514813-116570972_NONSENSE/PIM1_H68Y/PIM1_P81S/PIM1_37171125-37171491_MISSENSE/TBL1XR1_177025498-177064977_FRAME_SHIFT/CDKN2A_CNA_GENE/TP53_7669609-7676594_NONSENSE/TP53_CNA_GENE
DLBCL11180	MCD	No	No	No	No	Yes	No	No	Yes	CDKN2A_CNA_GENE/BCL2_CNA_GENE/MALT1_CNA_GENE/TP53_CNA_GENE	Extended genes	98	0	0	0	0	0	0		1	1	0	0	3	0	1	TMEM30A_75256102-75284638_NONSENSE/CDKN2A_CNA_GENE/BCL2_CNA_GENE/MALT1_CNA_GENE/PTEN_CNA_GENE/TP53_CNA_GENE
CTSP-AD1A	MCD	No	No	No	No	Yes	No	No	No	CD79B_Y196H	Hierarchy core	98	1	0	0	0	1	0	BCL6_TRANSLOC/CD79B_Y196H	1	0	0	0	1	0	0	PRDM1_106086554-106107486_FRAME_SHIFT/BCL10_CNA_GENE
DLBCL10883	MCD	No	No	No	No	Yes	No	Yes	No	CD79B_Y196C/MYD88_L252P/CCND3_41935943-41936095_FRAME_SHIFT	Core genes	98	0	0	0	0	2	0	CD79B_Y196C/MYD88_L252P	1	1	0	1	3	1	0	CCND3_41935943-41936095_FRAME_SHIFT/CREBBP_3731264-3744909_MISSENSE/PIM1_37171125-37171491_MISSENSE/CDKN2A_CNA_GENE/SPIB_CNA_GENE/TNFAIP3_137871228-137881319_NONSENSE/CD58_CNA_GENE
DLBCL11438	MCD	No	No	No	No	Yes	No	No	Yes	BCL2_CNA_GENE/MALT1_CNA_GENE/TP53_R175H/TP53_CNA_GENE	Extended genes	98	0	0	0	0	0	0		0	0	0	1	2	0	2	CD83_A17T/TP53_R175H/TP53_CNA_GENE/BCL2_CNA_GENE/MALT1_CNA_GENE
DLBCL11595	MCD	No	No	No	No	Yes	No	No	No	MYD88_L252P	Core genes	98	0	0	0	0	1	0	MYD88_L252P	0	1	0	1	6	0	0	CD58_116514813-116570972_MISSENSE/CREBBP_3727721-3879911_FRAME_SHIFT/KLHL14_32674657-32770591_FRAME_SHIFT/KLHL14_32674657-32770591_NONSENSE/PIM1_P81S/PIM1_37171125-37171491_MISSENSE/CDKN2A_CNA_GENE/SPIB_CNA_GENE
DLBCL10467	MCD	No	No	No	No	Yes	No	No	No	MYD88_L252P	Core genes	98	0	0	0	0	1	0	MYD88_L252P	0	0	0	1	2	0	0	CD58_116514813-116570972_NONSENSE/PIM1_Q37H/PIM1_37171125-37171491_MISSENSE
DLBCL10924	MCD	No	No	No	No	Yes	No	No	No	MYD88_L252P/BTG2_203305607-203307438_NONSENSE/PRDM1_106086554-106107486_FRAME_SHIFT/PRDM1_106086554-106107486_NONSENSE	Core+extended genes	98	0	0	1	0	1	0	MYD88_L252P/STAT3_E616G	0	0	1	0	3	0	0	BTG2_203305607-203307438_NONSENSE/PRDM1_106086554-106107486_FRAME_SHIFT/PRDM1_106086554-106107486_NONSENSE/SGK1_134172199-134207425_MISSENSE
DLBCL10900	MCD	No	No	No	No	Yes	No	No	No	MYD88_L252P/BTG2_203305607-203307438_FRAME_SHIFT/PIM1_37171125-37171491_MISSENSE/PRDM1_106086554-106107486_FRAME_SHIFT/BCL2_CNA_GENE/MALT1_CNA_GENE	Core+extended genes	98	0	0	0	1	1	0	MYD88_L252P/SOCS1_11254843-11255478_NONSENSE	0	0	0	1	5	0	0	BTG2_203305607-203307438_FRAME_SHIFT/PIM1_37171125-37171491_MISSENSE/PRDM1_106086554-106107486_FRAME_SHIFT/BCL2_CNA_GENE/MALT1_CNA_GENE/CD58_116514813-116570972_FRAME_SHIFT
DLBCL10918	BN2	Yes	No	No	No	No	No	No	No	BCL6_TRANSLOC/CD70_6586020-6591002_NONSENSE/SPEN_15848068-15939427_FRAME_SHIFT/SPEN_15848068-15939427_NONSENSE	Core+extended mutations	98	1	0	0	0	1	0	BCL6_TRANSLOC/CD79B_Y196H	3	0	0	0	2	0	0	CD70_6586020-6591002_NONSENSE/SPEN_15848068-15939427_FRAME_SHIFT/SPEN_15848068-15939427_NONSENSE/BCL2_CNA_GENE/MALT1_CNA_GENE
DLBCL11664	BN2	Yes	No	No	No	No	No	Yes	No	BCL6_TRANSLOC/MYC_CNA_GENE	Hierarchy core	97	1	0	1	0	0	0	BCL6_TRANSLOC/DUSP2_96144770-96145032_MISSENSE	0	6	0	5	2	1	0	MEF2B_T70R/PTEN_K13E/GNA13_CNA_GENE/TNFRSF14_CNA_GENE/ARID1A_CNA_GENE/REL_CNA_GENE/ZFP36L1_68789533-68792938_FRAME_SHIFT/STAT6_CNA_GENE/JAK2_CNA_GENE/CD274_CNA_GENE/PDCD1LG2_CNA_GENE/CDKN2A_CNA_GENE/BCL2_CNA_GENE/MYC_CNA_GENE
DLBCL11536	EZB	No	Yes	No	No	No	No	No	Yes	CREBBP_3727721-3879911_NONSENSE/SETD1B_121804738-121830239_NONSENSE/TNFRSF14_CNA_GENE/SESN1_CNA_GENE/ARID1A_CNA_GENE/TP53_CNA_GENE	Extended genes	97	0	0	0	0	0	0		3	5	2	1	2	0	1	CREBBP_3727721-3879911_NONSENSE/SETD1B_121804738-121830239_NONSENSE/TNFRSF14_CNA_GENE/SESN1_CNA_GENE/ARID1A_CNA_GENE/PIM1_L2V/PRDM1_CNA_GENE/SGK1_134172199-134207425_MISSENSE/PTPRK_CNA_GENE/TMEM30A_CNA_GENE/TNFAIP3_CNA_GENE/KLHL21_CNA_GENE/TP53_CNA_GENE/CD58_CNA_GENE
DLBCL11575	EZB	No	Yes	No	No	No	No	No	No	BCL2_TRANSLOC/EZH2_Y641H	Core genes	97	0	2	0	0	0	0	BCL2_TRANSLOC/EZH2_Y641H	0	4	1	1	0	0	0	CD58_116514813-116570972_MISSENSE/CREBBP_3727721-3879911_FRAME_SHIFT/MEF2B_D83V/MEF2B_19146013-19147730_FRAME_SHIFT/REL_CNA_GENE/SGK1_134172199-134207425_MISSENSE
DLBCL11573	EZB	No	Yes	No	No	No	No	Yes	No	BCL2_TRANSLOC/EZH2_A677G/CCND3_I290R	Core genes	97	0	2	0	0	0	0	BCL2_TRANSLOC/EZH2_A677G	0	3	0	0	1	1	0	CCND3_I290R/GNA13_65014257-65056593_NONSENSE/MEF2B_N81Y/TNFRSF14_CNA_GENE/MALT1_CNA_GENE
TCGA-FF-8041	JS6	No	No	No	Yes	No	No	No	No	SOCS1_11254843-11255478_FRAME_SHIFT/ZFP36L1_68789533-68792938_FRAME_SHIFT/CIITA_CNA_GENE/JAK2_CNA_GENE/CD274_CNA_GENE/PDCD1LG2_CNA_GENE	Core+extended genes	97	0	0	1	1	0	0	DUSP2_96144770-96145032_MISSENSE/SOCS1_11254843-11255478_FRAME_SHIFT	2	0	1	5	0	0	0	CD70_6586020-6591002_NONSENSE/TNFAIP3_137871228-137881319_FRAME_SHIFT/JAK3_A573V/ZFP36L1_68789533-68792938_FRAME_SHIFT/CIITA_CNA_GENE/JAK2_CNA_GENE/CD274_CNA_GENE/PDCD1LG2_CNA_GENE
TCGA-FF-8062	JS3	No	No	Yes	No	No	No	No	No	TET2_105233943-105276519_FRAME_SHIFT	Core genes	97	0	0	1	0	0	0	TET2_105233943-105276519_FRAME_SHIFT	0	1	1	0	0	0	0	PIK3CD_E1021K/SGK1_134172199-134207425_MISSENSE
DLBCL10489	EZB	No	Yes	No	No	No	No	No	No	BCL2_63318463-63318573_MISSENSE/BCL2_TRANSLOC/EZH2_Y641F	Core genes	96	0	3	0	0	0	0	BCL2_63318463-63318573_MISSENSE/BCL2_TRANSLOC/EZH2_Y641F	0	4	0	0	0	0	0	IRF8_85921150-85921279_NONSENSE/MEF2B_T70R/MEF2B_19146013-19147730_FRAME_SHIFT/TNFRSF14_2556665-2563273_NONSENSE
DLBCL10916	MCD	No	No	No	No	Yes	No	No	No	PIM1_S75F/CDKN2A_CNA_GENE/BCL2_CNA_GENE/MALT1_CNA_GENE	Extended genes	96	0	0	0	0	0	0		0	0	0	0	4	0	0	PIM1_S75F/CDKN2A_CNA_GENE/BCL2_CNA_GENE/MALT1_CNA_GENE
DLBCL10485	MCD	No	No	No	No	Yes	No	No	No	BTG2_203305607-203307438_NONSENSE/PIM1_Q37H/PRDM1_CNA_GENE/BCL2_CNA_GENE/MALT1_CNA_GENE	Extended genes	96	0	0	0	0	0	0		2	1	0	0	5	0	0	BTG2_203305607-203307438_NONSENSE/PIM1_Q37H/PRDM1_CNA_GENE/BCL2_CNA_GENE/MALT1_CNA_GENE/TMEM30A_CNA_GENE/CD70_CNA_GENE/SESN1_CNA_GENE
DLBCL11662	BN2	Yes	No	No	No	No	No	No	No	BCL6_TRANSLOC/NOTCH2_119915309-119916694_FRAME_SHIFT	Core genes	96	2	0	0	0	0	0	BCL6_TRANSLOC/NOTCH2_119915309-119916694_FRAME_SHIFT	1	0	0	0	3	0	0	BTG1_92144080-92145535_FRAME_SHIFT/BTG1_E50K/CDKN2A_CNA_GENE/DTX1_E49D
DLBCL10857	MCD	No	No	No	No	Yes	No	No	Yes	MYD88_L252P/TP53_CNA_GENE	Core genes	96	0	0	0	0	1	0	MYD88_L252P	0	0	0	1	3	0	1	PIM1_P81S/PIM1_37171125-37171491_MISSENSE/CDKN2A_CNA_GENE/TP53_CNA_GENE/CD58_CNA_GENE
CTSP-ACYS	BN2	Yes	No	No	No	No	No	No	Yes	BCL6_TRANSLOC/BCL10_85270619-85276352_MISSENSE/BCL10_85267630-85270618_NONSENSE/TP53_7669609-7676594_NONSENSE/TP53_G245D/TP53_R248W	Core+extended mutations	96	1	1	0	0	0	0	BCL6_TRANSLOC/EZH2_Y641F	2	1	0	3	1	0	3	BCL10_85270619-85276352_MISSENSE/BCL10_85267630-85270618_NONSENSE/CREBBP_3727721-3879911_FRAME_SHIFT/MYD88_M219T/TP53_7669609-7676594_NONSENSE/TP53_G245D/TP53_R248W/JAK2_CNA_GENE/CD274_CNA_GENE/PDCD1LG2_CNA_GENE
CTSP-AD52	JS3	No	No	Yes	No	No	No	No	Yes	TET2_105233943-105276519_FRAME_SHIFT/TP53_7669609-7676594_FRAME_SHIFT/TP53_CNA_GENE	Core genes	96	0	0	1	0	0	0	TET2_105233943-105276519_FRAME_SHIFT	1	2	2	2	2	0	2	CD58_116514813-116570972_NONSENSE/ZFP36L1_68789533-68792938_FRAME_SHIFT/PIK3R1_68226676-68297601_FRAME_SHIFT/REL_CNA_GENE/PIM1_L2F/PIM1_P81S/SGK1_134172199-134207425_FRAME_SHIFT/SGK1_134172199-134207425_MISSENSE/SPEN_15848068-15939427_FRAME_SHIFT/TP53_7669609-7676594_FRAME_SHIFT/TP53_CNA_GENE
TCGA-FA-A7DS	MCD	No	No	No	No	Yes	No	No	No	MYD88_L252P	Core genes	96	0	0	0	0	1	0	MYD88_L252P	0	0	0	1	2	0	0	PIM1_37171125-37171491_MISSENSE/CDKN2A_CNA_GENE/CD58_CNA_GENE
DLBCL10964	MCD	No	No	No	No	Yes	No	No	Yes	MYD88_L252P/TP53_CNA_GENE	Core genes	95	0	0	0	0	1	0	MYD88_L252P	1	0	0	0	2	0	1	CARD11_E626K/TP53_CNA_GENE/BCL2_CNA_GENE/MALT1_CNA_GENE
DLBCL10464	EZB	No	Yes	No	No	No	No	No	No	BCL2_63318463-63318573_MISSENSE/BCL2_TRANSLOC/EZH2_Y641N	Core genes	95	0	3	0	0	0	0	BCL2_63318463-63318573_MISSENSE/BCL2_TRANSLOC/EZH2_Y641N	0	1	0	0	0	0	0	GNA13_65014257-65056593_FRAME_SHIFT
DLBCL10969	BN2	Yes	No	No	No	No	No	No	Yes	NOTCH2_119915309-119916694_FRAME_SHIFT/TP53_CNA_GENE	Core genes	95	1	0	0	0	0	0	NOTCH2_119915309-119916694_FRAME_SHIFT	3	1	0	0	1	0	1	BCL10_85267630-85270618_FRAME_SHIFT/TNFAIP3_CNA_GENE/NOTCH2_CNA_GENE/TNFRSF14_2556665-2563273_FRAME_SHIFT/CDKN2A_CNA_GENE/TP53_CNA_GENE
DLBCL10984	MCD	No	No	No	No	Yes	No	No	Yes	CD79B_Y196D/MYD88_L252P/TP53_CNA_GENE	Core genes	95	0	0	0	0	2	0	CD79B_Y196D/MYD88_L252P	0	0	0	3	3	0	1	BTG2_203305607-203307438_FRAME_SHIFT/PIM1_G28D/TBL1XR1_Y446C/TP53_CNA_GENE/JAK2_CNA_GENE/CD274_CNA_GENE/PDCD1LG2_CNA_GENE
DLBCL10116	MCD	No	No	No	No	Yes	No	No	Yes	PRDM1_106086554-106107486_FRAME_SHIFT/CDKN2A_CNA_GENE/TP53_7669609-7676594_NONSENSE	Extended genes	95	0	0	0	0	0	0		0	0	0	0	2	0	1	PRDM1_106086554-106107486_FRAME_SHIFT/CDKN2A_CNA_GENE/TP53_7669609-7676594_NONSENSE
CTSP-B02B	MCD	No	No	No	No	Yes	No	No	Yes	MYD88_L252P/TP53_7669609-7676594_FRAME_SHIFT	Core genes	95	0	0	0	0	1	0	MYD88_L252P	1	1	0	0	3	0	1	CARD11_E626K/EP300_C1385Y/TP53_7669609-7676594_FRAME_SHIFT/CDKN2A_CNA_GENE/BCL2_CNA_GENE/MALT1_CNA_GENE
CTSP-B02F	EZB	No	Yes	No	No	No	No	No	Yes	EZH2_Y641S/CREBBP_3727721-3879911_FRAME_SHIFT/TP53_Y234C/TP53_CNA_GENE	Core+extended genes	94	1	1	0	1	0	0	BCL6_TRANSLOC/EZH2_Y641S/STAT6_D419G	0	1	0	0	0	0	2	CREBBP_3727721-3879911_FRAME_SHIFT/TP53_Y234C/TP53_CNA_GENE
CTSP-AD2E	MCD	No	No	No	No	Yes	No	No	No	BCL2_CNA_GENE/MALT1_CNA_GENE	Extended genes	94	0	0	0	0	0	0		1	0	0	0	2	0	0	TMEM30A_D181Y/BCL2_CNA_GENE/MALT1_CNA_GENE
DLBCL11432	JS3	No	No	Yes	No	No	No	Yes	No	TET2_105233943-105276519_NONSENSE/CCND3_41935943-41936095_FRAME_SHIFT	Core genes	93	0	0	1	0	0	0	TET2_105233943-105276519_NONSENSE	2	0	1	0	0	1	0	BCL10_85267630-85270618_NONSENSE/TNFAIP3_137871228-137881319_FRAME_SHIFT/CCND3_41935943-41936095_FRAME_SHIFT/MAP2K1_C121S
DLBCL10904	MCD	No	No	No	No	Yes	No	Yes	Yes	MYD88_L252P/MYC_CNA_GENE/TP53_Y234H	Core genes	93	0	0	0	0	1	0	MYD88_L252P	1	1	0	0	3	1	1	BTG2_203305607-203307438_NONSENSE/PIM1_P81S/PIM1_37171125-37171491_MISSENSE/CREBBP_3727721-3879911_FRAME_SHIFT/TP53_Y234H/TMEM30A_CNA_GENE/MYC_CNA_GENE
DLBCL10914	JS3	No	No	Yes	No	No	No	No	No	MAP2K1_C121S	Extended genes	93	0	0	0	0	0	0		0	0	1	0	0	0	0	MAP2K1_C121S
DLBCL10870	MCD	No	No	No	No	Yes	No	No	No	MYD88_L252P	Core genes	93	0	0	0	0	1	0	MYD88_L252P	0	1	0	0	0	0	0	MEF2B_E77K
DLBCL10839	BN2	Yes	No	No	No	No	No	No	No	BCL6_TRANSLOC/NOTCH2_119915309-119916694_NONSENSE	Core genes	93	2	0	0	0	0	0	BCL6_TRANSLOC/NOTCH2_119915309-119916694_NONSENSE	1	0	0	1	0	0	0	NFKBIE_44259219-44265346_FRAME_SHIFT/TMEM30A_75256102-75284638_FRAME_SHIFT
DLBCL11204	EZB/MCD	No	Yes	No	No	Yes	No	No	Yes	ARID1A_26696404-26780756_FRAME_SHIFT/CDKN2A_CNA_GENE/TP53_CNA_GENE	Hierarchy extended	93	0	0	0	0	0	0		1	1	0	1	1	0	1	ARID1A_26696404-26780756_FRAME_SHIFT/TNFAIP3_137871228-137881319_FRAME_SHIFT/CDKN2A_CNA_GENE/TP53_CNA_GENE/CD58_CNA_GENE
DLBCL10538	MCD	No	No	No	No	Yes	No	No	Yes	MYD88_L252P/TP53_Y234N/TP53_CNA_GENE	Core genes	93	0	0	0	0	1	0	MYD88_L252P	1	1	1	1	2	0	2	PIM1_37171125-37171491_MISSENSE/BCL2_CNA_GENE/SGK1_134172199-134207425_MISSENSE/TNFAIP3_137871228-137881319_NONSENSE/TP53_Y234N/TP53_CNA_GENE/ZFP36L1_68789533-68792938_FRAME_SHIFT/REL_CNA_GENE
DLBCL11478	BN2	Yes	No	No	No	No	No	No	No	BCL6_TRANSLOC/NOTCH2_119915309-119916694_NONSENSE	Core genes	92	2	0	0	0	0	0	BCL6_TRANSLOC/NOTCH2_119915309-119916694_NONSENSE	1	1	0	0	0	0	0	IRF8_85921150-85921279_NONSENSE/NOTCH2_CNA_GENE
CTSP-ACYP	MCD	No	No	No	No	Yes	No	No	Yes	MYD88_L252P/TP53_CNA_GENE	Core genes	92	0	0	0	0	1	0	MYD88_L252P	0	0	0	0	2	0	1	PIM1_37171125-37171491_MISSENSE/CDKN2A_CNA_GENE/TP53_CNA_GENE
DLBCL11430	EZB	No	Yes	No	No	No	No	No	No	CREBBP_3727721-3879911_NONSENSE/IRF8_S55A/TNFRSF14_2556665-2563273_NONSENSE	Extended genes	92	0	0	0	0	0	0		1	3	0	0	0	0	0	CREBBP_3727721-3879911_NONSENSE/IRF8_S55A/TNFRSF14_2556665-2563273_NONSENSE/TNFAIP3_137871228-137881319_NONSENSE
DLBCL11260	MCD	No	No	No	No	Yes	No	No	Yes	PIM1_P81S/BCL2_CNA_GENE/MALT1_CNA_GENE/TP53_R273H/TP53_CNA_GENE	Extended genes	92	0	0	0	0	0	0		0	0	0	0	3	0	2	PIM1_P81S/BCL2_CNA_GENE/MALT1_CNA_GENE/TP53_R273H/TP53_CNA_GENE
TCGA-FA-A86F	BN2	Yes	No	No	No	No	No	No	No	SPEN_15848068-15939427_NONSENSE/NOTCH2_CNA_GENE	Extended genes	92	0	0	0	0	0	0		2	1	1	0	1	0	0	ARID1A_26696404-26780756_FRAME_SHIFT/IRF4_C99R/SPEN_15848068-15939427_NONSENSE/NOTCH2_CNA_GENE/SPIB_CNA_GENE
DLBCL10836	MCD	No	No	No	No	Yes	No	No	No	MYD88_L252P	Core genes	92	0	0	0	0	1	0	MYD88_L252P	0	1	0	0	5	0	0	BTG2_203305607-203307438_FRAME_SHIFT/PIM1_37171125-37171491_MISSENSE/PRDM1_106086554-106107486_NONSENSE/CDKN2A_CNA_GENE/SPIB_CNA_GENE/SETD1B_121804738-121830239_NONSENSE
DLBCL11535	Other	No	No	No	No	No	No	No	No		No features	91	0	0	0	0	0	0		0	0	0	0	0	0	0	
TCGA-FA-A82F	MCD	No	No	No	No	Yes	No	No	Yes	BTG2_203305607-203307438_FRAME_SHIFT/PIM1_E79D/PIM1_37171125-37171491_MISSENSE/BCL2_CNA_GENE/MALT1_CNA_GENE/TP53_R273C/TP53_CNA_GENE	Extended genes	90	0	0	0	0	0	0		0	2	0	0	5	0	2	BTG2_203305607-203307438_FRAME_SHIFT/PIM1_E79D/PIM1_37171125-37171491_MISSENSE/BCL2_CNA_GENE/MALT1_CNA_GENE/TP53_R273C/TP53_CNA_GENE/SETD1B_CNA_GENE/REL_CNA_GENE
DLBCL10527	JS3	No	No	Yes	No	No	No	Yes	No	TET2_105233943-105276519_FRAME_SHIFT/CCND3_41935943-41936095_FRAME_SHIFT	Core genes	90	0	0	1	0	0	0	TET2_105233943-105276519_FRAME_SHIFT	1	2	0	0	0	1	0	CARD11_R113Q/CCND3_41935943-41936095_FRAME_SHIFT/IRF8_T80A/REL_CNA_GENE
DLBCL10907	MCD	No	No	No	No	Yes	No	No	Yes	MYD88_L252P/PIM1_37171125-37171491_MISSENSE/TP53_R175H/TP53_CNA_GENE	Core+extended genes	90	1	0	1	0	1	0	BCL6_TRANSLOC/DUSP2_96144770-96145032_MISSENSE/MYD88_L252P	0	2	0	0	1	0	2	PIM1_37171125-37171491_MISSENSE/SETD1B_121804738-121830239_NONSENSE/REL_CNA_GENE/TP53_R175H/TP53_CNA_GENE
DLBCL11448	JS3	No	No	Yes	No	No	No	No	No	DUSP2_96144770-96145032_FRAME_SHIFT	Core genes	90	0	0	1	0	0	0	DUSP2_96144770-96145032_FRAME_SHIFT	0	0	0	3	2	0	0	BCL2_CNA_GENE/MALT1_CNA_GENE/JAK2_CNA_GENE/CD274_CNA_GENE/PDCD1LG2_CNA_GENE
DLBCL10942	BN2	Yes	No	No	No	No	No	No	No	BCL6_TRANSLOC	Core genes	90	1	0	0	0	0	0	BCL6_TRANSLOC	2	0	0	0	0	0	0	KLF2_C274Y/TNFAIP3_137871228-137881319_FRAME_SHIFT
DLBCL10955	EZB/MCD	No	Yes	No	No	Yes	No	No	Yes	ARID1A_26696404-26780756_FRAME_SHIFT/PIM1_37171125-37171491_MISSENSE/TP53_R248W/TP53_CNA_GENE	Hierarchy extended	90	0	0	0	0	0	0		0	1	0	1	1	0	2	ARID1A_26696404-26780756_FRAME_SHIFT/PIM1_37171125-37171491_MISSENSE/TP53_R248W/TP53_CNA_GENE/ZFP36L1_68789533-68792938_FRAME_SHIFT
DLBCL11485	MCD	No	No	No	No	Yes	No	No	No	KLHL14_32674657-32770591_FRAME_SHIFT	Hierarchy extended	90	0	0	0	0	0	0		1	0	0	1	1	0	0	KLHL14_32674657-32770591_FRAME_SHIFT/NFKBIA_35402013-35404644_NONSENSE/TNFAIP3_137871228-137881319_FRAME_SHIFT
DLBCL10495	BN2	Yes	No	No	No	No	No	No	Yes	BCL6_TRANSLOC/TP53_R175H	Core genes	90	1	0	0	0	0	0	BCL6_TRANSLOC	1	0	0	0	0	0	1	TMEM30A_75256102-75284638_NONSENSE/TP53_R175H
DLBCL10835	MCD	No	No	No	No	Yes	No	No	Yes	MYD88_L252P/TP53_CNA_GENE	Core genes	90	0	0	0	0	1	0	MYD88_L252P	2	2	1	1	5	0	1	PRDM1_106086554-106107486_FRAME_SHIFT/CDKN2A_CNA_GENE/PRDM1_CNA_GENE/BCL2_CNA_GENE/MALT1_CNA_GENE/PTPRK_CNA_GENE/TMEM30A_CNA_GENE/TNFAIP3_CNA_GENE/TP53_CNA_GENE/CD58_CNA_GENE/SESN1_CNA_GENE/REL_CNA_GENE
DLBCL10461	MCD	No	No	No	No	Yes	No	No	Yes	CD79B_Y196H/TP53_7669609-7676594_FRAME_SHIFT/TP53_CNA_GENE	Core genes	90	0	0	0	0	1	0	CD79B_Y196H	0	1	0	0	0	0	2	MEF2B_19146013-19147730_FRAME_SHIFT/TP53_7669609-7676594_FRAME_SHIFT/TP53_CNA_GENE
CTSP-AD05	MCD	No	No	No	No	Yes	No	No	No	CD79B_Y196H/MYD88_L252P	Core genes	90	0	0	0	0	2	0	CD79B_Y196H/MYD88_L252P	1	0	0	1	2	0	0	CD58_116514813-116570972_NONSENSE/KLF2_C274Y/PIM1_37171125-37171491_MISSENSE/CDKN2A_CNA_GENE
DLBCL11492	EZB/MCD	No	Yes	No	No	Yes	No	No	No	EZH2_Y641C/MYD88_L252P	Hierarchy core	90	0	1	0	0	1	0	EZH2_Y641C/MYD88_L252P	1	0	0	0	0	0	0	KLF2_16324924-16327031_FRAME_SHIFT
DLBCL10963	JS3	No	No	Yes	No	No	No	No	No	DUSP2_96144770-96145032_MISSENSE	Core genes	89	0	0	1	0	0	0	DUSP2_96144770-96145032_MISSENSE	1	0	0	0	4	0	0	BCL10_85267630-85270618_FRAME_SHIFT/PRDM1_106086554-106107486_FRAME_SHIFT/CDKN2A_CNA_GENE/BCL2_CNA_GENE/MALT1_CNA_GENE
DLBCL11467	JS3	No	No	Yes	No	No	No	No	No	BRAF_N581S/BRAF_K601N	Extended genes	89	0	0	0	0	0	0		0	0	2	0	0	0	0	BRAF_N581S/BRAF_K601N
TCGA-FA-A6HO	MCD	No	No	No	No	Yes	No	No	Yes	CD79B_Y196F/BTG1_92144080-92145535_NONSENSE/PRDM1_CNA_GENE/TP53_CNA_GENE	Core+extended genes	89	0	0	1	0	1	0	CD79B_Y196F/DUSP2_96144770-96145032_MISSENSE	1	1	1	0	2	0	1	BTG1_92144080-92145535_NONSENSE/PRDM1_CNA_GENE/PTPRK_CNA_GENE/TMEM30A_CNA_GENE/TP53_CNA_GENE/SESN1_CNA_GENE
DLBCL10537	EZB	No	Yes	No	No	No	No	Yes	Yes	BCL2_63318463-63318573_MISSENSE/BCL2_63318220-63318357_MISSENSE/BCL2_TRANSLOC/TP53_P152L/CCND3_41935943-41936095_FRAME_SHIFT	Core genes	88	0	3	0	0	0	0	BCL2_63318463-63318573_MISSENSE/BCL2_63318220-63318357_MISSENSE/BCL2_TRANSLOC	1	1	0	0	0	1	1	CARD11_D230N/CCND3_41935943-41936095_FRAME_SHIFT/TNFRSF14_2556665-2563273_FRAME_SHIFT/TP53_P152L
TCGA-FF-8061	JS3	No	No	Yes	No	No	No	No	No	STAT3_Y640F/TET2_105233943-105276519_NONSENSE	Core genes	88	0	0	2	0	0	0	STAT3_Y640F/TET2_105233943-105276519_NONSENSE	0	0	0	1	1	0	0	NFKBIA_35402013-35404644_NONSENSE/PIM1_L2F
DLBCL10910	MCD	No	No	No	No	Yes	No	No	Yes	MYD88_L252P/TP53_CNA_GENE	Core genes	88	0	0	0	0	1	0	MYD88_L252P	0	1	0	0	0	0	1	CREBBP_3731264-3744909_MISSENSE/TP53_CNA_GENE
DLBCL10535	MCD	No	No	No	No	Yes	No	No	Yes	CD79B_Y196D/TP53_CNA_GENE	Core genes	87	0	0	0	0	1	0	CD79B_Y196D	1	0	0	1	3	0	1	NFKBIE_44259219-44265346_FRAME_SHIFT/CDKN2A_CNA_GENE/BCL2_CNA_GENE/MALT1_CNA_GENE/TP53_CNA_GENE/CD70_CNA_GENE
DLBCL11659	EZB	No	Yes	No	No	No	No	No	No	BCL2_63318463-63318573_MISSENSE/BCL2_63318220-63318357_MISSENSE	Core genes	87	0	2	0	0	0	0	BCL2_63318463-63318573_MISSENSE/BCL2_63318220-63318357_MISSENSE	0	1	0	2	0	0	0	CD58_116514813-116570972_FRAME_SHIFT/CD58_116514813-116570972_MISSENSE/TNFRSF14_2556665-2563273_NONSENSE
DLBCL10875	JS3	No	No	Yes	No	No	No	No	Yes	STAT3_E616K/TP53_CNA_GENE	Core genes	87	0	0	1	0	0	0	STAT3_E616K	1	1	0	1	0	0	1	BCL10_85267630-85270618_FRAME_SHIFT/MEF2B_K4E/NFKBIE_44259219-44265346_FRAME_SHIFT/TP53_CNA_GENE
DLBCL10502	EZB	No	Yes	No	No	No	No	No	No	IRF8_85921150-85921279_NONSENSE/REL_CNA_GENE	Extended genes	87	0	0	0	0	0	0		0	2	0	0	0	0	0	IRF8_85921150-85921279_NONSENSE/REL_CNA_GENE
DLBCL10860	MCD	No	No	No	No	Yes	No	No	No	MYD88_L252P	Core genes	87	0	0	0	0	1	0	MYD88_L252P	1	0	0	0	3	0	0	CARD11_C49Y/PIM1_S75F/CDKN2A_CNA_GENE/SPIB_CNA_GENE
CTSP-ACY6	MCD	No	No	No	No	Yes	No	No	No	MYD88_L252P	Core genes	87	0	0	0	0	1	0	MYD88_L252P	1	0	0	3	2	0	0	KLF2_16324924-16327031_NONSENSE/PIM1_L2F/PRDM1_106086554-106107486_FRAME_SHIFT/JAK2_CNA_GENE/CD274_CNA_GENE/PDCD1LG2_CNA_GENE
DLBCL10876	MCD	No	No	No	No	Yes	No	No	No	MYD88_L252P	Core genes	87	0	0	0	0	1	0	MYD88_L252P	0	0	0	0	2	0	0	CDKN2A_CNA_GENE/SPIB_CNA_GENE
DLBCL10991	BN2	Yes	No	No	No	No	No	No	Yes	BCL6_TRANSLOC/NOTCH2_119915309-119916694_NONSENSE/TP53_7669609-7676594_NONSENSE/TP53_R282W	Core genes	87	2	0	0	0	0	0	BCL6_TRANSLOC/NOTCH2_119915309-119916694_NONSENSE	0	0	0	3	3	0	2	PIM1_G28D/PIM1_Q37H/SPIB_CNA_GENE/TP53_7669609-7676594_NONSENSE/TP53_R282W/JAK2_CNA_GENE/CD274_CNA_GENE/PDCD1LG2_CNA_GENE
CTSP-ACYV	BN2	Yes	No	No	No	No	No	No	Yes	BCL6_TRANSLOC/NOTCH2_119915309-119916694_NONSENSE/TP53_G245D	Core genes	86	2	1	0	0	0	0	BCL6_TRANSLOC/NOTCH2_119915309-119916694_NONSENSE/EZH2_Y641F	1	2	1	0	1	0	1	ARID1A_26696404-26780756_NONSENSE/CREBBP_3727721-3879911_FRAME_SHIFT/BCL10_85267630-85270618_NONSENSE/BRAF_V600E/MYD88_M219T/TP53_G245D
DLBCL10855	EZB	No	Yes	No	No	No	No	No	Yes	BCL2_63318220-63318357_MISSENSE/TP53_CNA_GENE	Core genes	86	0	1	0	0	0	0	BCL2_63318220-63318357_MISSENSE	0	0	0	0	0	0	1	TP53_CNA_GENE
DLBCL10497	JS3	No	No	Yes	No	No	No	No	No	DUSP2_96144770-96145032_MISSENSE/TET2_105233943-105276519_FRAME_SHIFT	Core genes	86	0	0	2	0	0	0	DUSP2_96144770-96145032_MISSENSE/TET2_105233943-105276519_FRAME_SHIFT	0	0	2	0	0	0	0	BRAF_V600E/SGK1_134172199-134207425_MISSENSE
DLBCL10865	EZB	No	Yes	No	No	No	No	No	Yes	GNA13_65014257-65056593_NONSENSE/TP53_CNA_GENE	Extended genes	86	0	0	0	0	0	0		0	1	0	0	0	0	1	GNA13_65014257-65056593_NONSENSE/TP53_CNA_GENE
DLBCL10905	BN2	Yes	No	No	No	No	No	No	No	NOTCH2_119915309-119916694_NONSENSE	Core genes	86	1	0	0	0	0	0	NOTCH2_119915309-119916694_NONSENSE	4	1	0	0	0	0	0	BCL10_85267630-85270618_NONSENSE/SPEN_15848068-15939427_FRAME_SHIFT/SPEN_15848068-15939427_NONSENSE/NOTCH2_CNA_GENE/CREBBP_3731264-3744909_MISSENSE
DLBCL10950	BN2	Yes	No	No	No	No	No	No	No	BCL6_TRANSLOC	Core genes	86	1	0	0	0	0	0	BCL6_TRANSLOC	0	0	0	1	0	0	0	CD58_116514813-116570972_NONSENSE
DLBCL10989	JS3	No	No	Yes	No	No	No	No	Yes	SGK1_134172199-134207425_FRAME_SHIFT/SGK1_134172199-134207425_MISSENSE/SOCS3_78358418-78359095_FRAME_SHIFT/TP53_7669609-7676594_NONSENSE/TP53_CNA_GENE	Extended mutations	86	0	0	0	0	0	0		0	0	3	2	1	0	2	SGK1_134172199-134207425_FRAME_SHIFT/SGK1_134172199-134207425_MISSENSE/SOCS3_78358418-78359095_FRAME_SHIFT/TP53_7669609-7676594_NONSENSE/TP53_CNA_GENE/MALT1_CNA_GENE/CD274_CNA_GENE/PDCD1LG2_CNA_GENE
DLBCL10550	MCD	No	No	No	No	Yes	No	No	No	BTG1_92144080-92145535_NONSENSE/MYD88_M219T	Extended genes	86	0	0	0	0	0	0		0	0	0	0	2	0	0	BTG1_92144080-92145535_NONSENSE/MYD88_M219T
DLBCL10921	MCD	No	No	No	No	Yes	No	No	No	CD79B_Y196C	Core genes	85	0	0	0	0	1	0	CD79B_Y196C	0	1	0	0	3	0	0	PIM1_37171125-37171491_MISSENSE/BCL2_CNA_GENE/MALT1_CNA_GENE/SETD1B_121804738-121830239_FRAME_SHIFT
TCGA-FA-8693	JS3	No	No	Yes	No	No	No	No	No	TET2_105233943-105276519_FRAME_SHIFT	Core genes	85	0	0	1	0	0	0	TET2_105233943-105276519_FRAME_SHIFT	0	2	2	0	0	0	0	BRAF_K601E/SGK1_134172199-134207425_FRAME_SHIFT/RHOA_R5Q/TNFRSF14_2556665-2563273_FRAME_SHIFT
TCGA-RQ-A68N	MCD	No	No	No	No	Yes	No	No	Yes	CD79B_Y196N/MYD88_L252P/TP53_CNA_GENE	Core genes	85	0	0	0	0	2	0	CD79B_Y196N/MYD88_L252P	2	1	1	1	7	0	1	PIM1_S75F/PIM1_37171125-37171491_MISSENSE/PRDM1_106086554-106107486_NONSENSE/TBL1XR1_Y446C/CDKN2A_CNA_GENE/PRDM1_CNA_GENE/SPIB_CNA_GENE/PTPRK_CNA_GENE/TMEM30A_CNA_GENE/TNFAIP3_CNA_GENE/TP53_CNA_GENE/SESN1_CNA_GENE/STAT6_CNA_GENE
DLBCL10540	MCD	No	No	No	No	Yes	No	No	No	CD79B_Y196N/MYD88_L252P	Core genes	85	0	0	0	0	2	0	CD79B_Y196N/MYD88_L252P	0	0	0	0	0	0	0	
DLBCL11558	EZB	No	Yes	No	No	No	No	No	No	BCL2_63318463-63318573_MISSENSE/BCL2_63318220-63318357_MISSENSE/BCL2_TRANSLOC/EZH2_Y641H	Core genes	85	0	4	0	0	0	0	BCL2_63318463-63318573_MISSENSE/BCL2_63318220-63318357_MISSENSE/BCL2_TRANSLOC/EZH2_Y641H	0	1	0	0	0	0	0	MEF2B_Y69H
DLBCL10922	BN2/EZB	Yes	Yes	No	No	No	No	No	Yes	CREBBP_3727721-3879911_FRAME_SHIFT/TMEM30A_CNA_GENE/TP53_7669609-7676594_FRAME_SHIFT/TP53_CNA_GENE	Hierarchy extended	85	0	0	0	0	0	0		1	1	0	0	0	0	2	CREBBP_3727721-3879911_FRAME_SHIFT/TP53_7669609-7676594_FRAME_SHIFT/TP53_CNA_GENE/TMEM30A_CNA_GENE
DLBCL10888	JS6	No	No	No	Yes	No	No	No	No	CD58_116514813-116570972_NONSENSE/ZFP36L1_68789533-68792938_NONSENSE	Extended genes	84	0	0	0	0	0	0		0	1	0	2	1	0	0	BTG1_92144080-92145535_FRAME_SHIFT/CD58_116514813-116570972_NONSENSE/ZFP36L1_68789533-68792938_NONSENSE/FBXO11_47808118-47905720_FRAME_SHIFT
DLBCL10941	JS3	No	No	Yes	No	No	No	Yes	No	TET2_105233943-105276519_NONSENSE/CCND3_41935943-41936095_FRAME_SHIFT	Hierarchy core	84	0	0	1	0	0	1	NOTCH1_136496074-136497558_NONSENSE/TET2_105233943-105276519_NONSENSE	0	1	0	1	0	1	0	CCND3_41935943-41936095_FRAME_SHIFT/IRF8_85921150-85921279_NONSENSE/CD274_CNA_GENE
DLBCL11511	BN2	Yes	No	No	No	No	No	No	No	BCL6_TRANSLOC	Core genes	84	1	0	0	0	0	0	BCL6_TRANSLOC	1	1	1	0	0	0	0	MEF2B_19146013-19147730_NONSENSE/SGK1_134172199-134207425_MISSENSE/SPEN_15848068-15939427_NONSENSE
DLBCL10838	JS3	No	No	Yes	No	No	No	Yes	No	TET2_105233943-105276519_FRAME_SHIFT/TET2_105233943-105276519_NONSENSE/MYC_P74L	Core genes	84	0	0	2	0	0	0	TET2_105233943-105276519_FRAME_SHIFT/TET2_105233943-105276519_NONSENSE	0	0	0	0	1	1	0	MYC_P74L/CDKN2A_CNA_GENE
DLBCL10853	MCD	No	No	No	No	Yes	No	No	No	BTG1_92144080-92145535_NONSENSE/BTG2_203305607-203307438_NONSENSE/BCL2_CNA_GENE/MALT1_CNA_GENE	Extended genes	84	0	0	0	0	0	0		1	0	0	0	4	0	0	BTG1_92144080-92145535_NONSENSE/BTG2_203305607-203307438_NONSENSE/BCL2_CNA_GENE/MALT1_CNA_GENE/SPEN_15848068-15939427_FRAME_SHIFT
DLBCL11206	MCD	No	No	No	No	Yes	No	No	Yes	BCL2_CNA_GENE/MALT1_CNA_GENE/TP53_CNA_GENE	Extended genes	84	0	0	0	0	0	0		1	0	0	0	2	0	1	TNFAIP3_137871228-137881319_FRAME_SHIFT/TP53_CNA_GENE/BCL2_CNA_GENE/MALT1_CNA_GENE
DLBCL10529	MCD	No	No	No	No	Yes	No	No	Yes	PIM1_37171125-37171491_MISSENSE/BCL2_CNA_GENE/MALT1_CNA_GENE/TP53_CNA_GENE	Extended genes	84	0	0	0	0	0	0		0	0	0	0	3	0	1	PIM1_37171125-37171491_MISSENSE/BCL2_CNA_GENE/MALT1_CNA_GENE/TP53_CNA_GENE
TCGA-FF-8042	MCD	No	No	No	No	Yes	No	Yes	No	CDKN2A_CNA_GENE/BCL2_CNA_GENE/MALT1_CNA_GENE/MYC_CNA_GENE	Extended genes	84	0	0	0	0	0	0		0	0	1	0	3	1	0	ASXL1_32358776-32437338_FRAME_SHIFT/CDKN2A_CNA_GENE/BCL2_CNA_GENE/MALT1_CNA_GENE/MYC_CNA_GENE
DLBCL10909	JS3	No	No	Yes	No	No	No	No	Yes	DUSP2_96144770-96145032_MISSENSE/TP53_CNA_GENE	Core genes	84	0	0	1	0	0	0	DUSP2_96144770-96145032_MISSENSE	2	0	0	0	2	0	1	CARD11_D230N/CD70_CNA_GENE/PIM1_37171125-37171491_MISSENSE/CDKN2A_CNA_GENE/TP53_CNA_GENE
DLBCL11518	BN2	Yes	No	No	No	No	No	No	No	BCL6_TRANSLOC	Core genes	84	1	0	0	0	0	0	BCL6_TRANSLOC	0	1	0	0	1	0	0	CREBBP_3727721-3879911_NONSENSE/CDKN2A_CNA_GENE
DLBCL11452	BN2	Yes	No	No	No	No	No	No	Yes	BCL6_TRANSLOC/TP53_CNA_GENE	Core genes	84	1	0	0	0	0	0	BCL6_TRANSLOC	2	0	1	0	2	0	1	CD70_6586020-6591002_FRAME_SHIFT/BCL10_CNA_GENE/PIM1_37171125-37171491_MISSENSE/CDKN2A_CNA_GENE/SGK1_134172199-134207425_MISSENSE/TP53_CNA_GENE
CTSP-AD18	BN2	Yes	No	No	No	No	No	Yes	No	NOTCH2_119915309-119916694_NONSENSE/MYC_TRANSLOC	Core genes	83	1	0	0	0	0	0	NOTCH2_119915309-119916694_NONSENSE	2	1	0	0	1	1	0	ARID1A_26696404-26780756_FRAME_SHIFT/KLF2_A291V/TNFAIP3_137871228-137881319_NONSENSE/MYC_TRANSLOC/CDKN2A_CNA_GENE
DLBCL11540	BN2/EZB	Yes	Yes	No	No	No	No	No	No	EZH2_A677G/BCL6_TRANSLOC	Hierarchy core	83	1	1	0	0	0	0	BCL6_TRANSLOC/EZH2_A677G	0	0	0	0	2	0	0	BCL2_CNA_GENE/MALT1_CNA_GENE
DLBCL10519	EZB	No	Yes	No	No	No	No	No	No	ARID1A_26696404-26780756_FRAME_SHIFT/TNFRSF14_CNA_GENE/REL_CNA_GENE	Extended genes	83	0	0	0	0	0	0		1	3	0	0	0	0	0	ARID1A_26696404-26780756_FRAME_SHIFT/TNFRSF14_CNA_GENE/REL_CNA_GENE/KLHL21_CNA_GENE
DLBCL11685	EZB	No	Yes	No	No	No	No	No	No	BCL2_TRANSLOC/EZH2_Y641F	Core genes	83	0	2	0	0	0	0	BCL2_TRANSLOC/EZH2_Y641F	0	2	0	0	0	0	0	ARID1A_26696404-26780756_FRAME_SHIFT/CREBBP_3727721-3879911_NONSENSE
DLBCL10513	JS6	No	No	No	Yes	No	No	No	No	SOCS1_11254843-11255478_FRAME_SHIFT/SOCS1_11254843-11255478_NONSENSE/SOCS1_S116N	Core genes	83	0	0	0	3	0	0	SOCS1_11254843-11255478_FRAME_SHIFT/SOCS1_11254843-11255478_NONSENSE/SOCS1_S116N	1	0	0	6	0	0	0	IL4R_I242N/NFKBIE_44259219-44265346_FRAME_SHIFT/NFKBIE_44259219-44265346_NONSENSE/JAK2_CNA_GENE/CD274_CNA_GENE/PDCD1LG2_CNA_GENE/TNFAIP3_137871228-137881319_FRAME_SHIFT
DLBCL10971	MCD	No	No	No	No	Yes	No	No	No	CDKN2A_CNA_GENE	Extended genes	83	0	0	0	0	0	0		0	0	0	0	1	0	0	CDKN2A_CNA_GENE
DLBCL11453	JS6	No	No	No	Yes	No	No	No	No	JAK2_CNA_GENE/CD274_CNA_GENE/PDCD1LG2_CNA_GENE	Extended genes	82	0	0	0	0	0	0		0	0	0	3	0	0	0	JAK2_CNA_GENE/CD274_CNA_GENE/PDCD1LG2_CNA_GENE
DLBCL10892	JS3	No	No	Yes	No	No	No	No	No	TET2_105233943-105276519_NONSENSE	Core genes	82	0	0	1	0	0	0	TET2_105233943-105276519_NONSENSE	2	0	0	0	1	0	0	BTG1_92144080-92145535_FRAME_SHIFT/SPEN_15848068-15939427_FRAME_SHIFT/SPEN_15848068-15939427_NONSENSE
DLBCL10490	MCD	No	No	No	No	Yes	No	No	No	TBL1XR1_177025498-177064977_FRAME_SHIFT/BCL2_CNA_GENE/MALT1_CNA_GENE	Hierarchy extended	82	0	0	0	0	0	0		1	0	0	3	3	0	0	TBL1XR1_177025498-177064977_FRAME_SHIFT/BCL2_CNA_GENE/MALT1_CNA_GENE/BCL10_CNA_GENE/JAK2_CNA_GENE/CD274_CNA_GENE/PDCD1LG2_CNA_GENE
DLBCL10460	EZB	No	Yes	No	No	No	No	No	Yes	EZH2_Y641N/TP53_CNA_GENE	Core genes	82	0	1	0	0	0	0	EZH2_Y641N	2	3	1	0	1	0	1	TMEM30A_75256102-75284638_FRAME_SHIFT/TMEM30A_CNA_GENE/FBXO11_CNA_GENE/SESN1_CNA_GENE/REL_CNA_GENE/PRDM1_CNA_GENE/PTPRK_CNA_GENE/TP53_CNA_GENE
DLBCL11516	BN2/EZB	Yes	Yes	No	No	No	No	Yes	Yes	TNFRSF14_2556665-2563273_NONSENSE/TMEM30A_75256102-75284638_FRAME_SHIFT/CCND3_41935943-41936095_FRAME_SHIFT/TP53_R282W/TP53_CNA_GENE	Hierarchy extended	82	0	0	0	0	0	0		1	1	0	0	0	1	2	CCND3_41935943-41936095_FRAME_SHIFT/TMEM30A_75256102-75284638_FRAME_SHIFT/TNFRSF14_2556665-2563273_NONSENSE/TP53_R282W/TP53_CNA_GENE
DLBCL11473	BN2	Yes	No	No	No	No	No	No	Yes	BCL6_TRANSLOC/NOTCH2_119915309-119916694_NONSENSE/TP53_C135Y/TP53_CNA_GENE	Core genes	82	2	0	0	0	0	0	BCL6_TRANSLOC/NOTCH2_119915309-119916694_NONSENSE	3	1	0	0	0	0	2	ARID1A_26696404-26780756_NONSENSE/BCL10_85270619-85276352_MISSENSE/BCL10_85267630-85270618_FRAME_SHIFT/BCL10_85267630-85270618_NONSENSE/TP53_C135Y/TP53_CNA_GENE
DLBCL10842	MCD	No	No	No	No	Yes	No	No	No	CD79B_Y196D	Core genes	82	0	0	0	0	1	0	CD79B_Y196D	0	1	0	0	3	0	0	PIM1_37171125-37171491_MISSENSE/BCL2_CNA_GENE/MALT1_CNA_GENE/SETD1B_121804738-121830239_NONSENSE
DLBCL10470	JS3	No	No	Yes	No	No	No	No	Yes	DUSP2_96144770-96145032_MISSENSE/TP53_CNA_GENE	Core genes	82	0	0	1	0	0	0	DUSP2_96144770-96145032_MISSENSE	0	1	0	0	0	0	1	CREBBP_3727721-3879911_FRAME_SHIFT/TP53_CNA_GENE
DLBCL10452	MCD	No	No	No	No	Yes	No	No	No	PIM1_37171125-37171491_MISSENSE/CDKN2A_CNA_GENE/MALT1_CNA_GENE	Extended genes	82	0	0	0	0	0	0		1	1	0	0	3	0	0	BCL10_85267630-85270618_FRAME_SHIFT/CREBBP_3731264-3744909_MISSENSE/PIM1_37171125-37171491_MISSENSE/CDKN2A_CNA_GENE/MALT1_CNA_GENE
DLBCL11461	BN2	Yes	No	No	No	No	No	No	No	BCL6_TRANSLOC	Core genes	82	1	0	0	0	0	0	BCL6_TRANSLOC	2	0	1	0	0	0	0	BCL10_85267630-85270618_FRAME_SHIFT/TNFAIP3_137871228-137881319_NONSENSE/KRAS_25245346-25245351_MISSENSE
DLBCL10977	MCD	No	No	No	No	Yes	No	No	No	MYD88_V204F	Extended genes	82	0	0	0	0	0	0		0	0	0	0	1	0	0	MYD88_V204F
DLBCL10469	JS3	No	No	Yes	No	No	No	No	No	DUSP2_96144770-96145032_MISSENSE/TET2_105233943-105276519_FRAME_SHIFT	Core genes	82	0	0	2	0	0	0	DUSP2_96144770-96145032_MISSENSE/TET2_105233943-105276519_FRAME_SHIFT	2	0	1	0	1	0	0	BCL10_85267630-85270618_NONSENSE/TMEM30A_75256102-75284638_FRAME_SHIFT/KLHL14_32674657-32770591_NONSENSE/SGK1_134172199-134207425_MISSENSE
DLBCL10465	EZB	No	Yes	No	No	No	No	No	No	BCL2_TRANSLOC/EZH2_Y641N	Core genes	82	0	2	1	0	0	0	BCL2_TRANSLOC/EZH2_Y641N/STAT3_S614R	0	3	0	0	0	0	0	CREBBP_3727721-3879911_NONSENSE/MEF2B_D83V/MEF2B_19146013-19147730_FRAME_SHIFT
DLBCL10947	BN2	Yes	No	No	No	No	No	No	Yes	BCL6_TRANSLOC/TP53_R175H	Core genes	81	1	0	0	0	0	0	BCL6_TRANSLOC	2	0	0	0	1	0	1	BCL10_85267630-85270618_NONSENSE/TNFAIP3_CNA_GENE/PIM1_37171125-37171491_MISSENSE/TP53_R175H
DLBCL11004	MCD	No	No	No	No	Yes	No	No	No	CD79B_Y196H/MYD88_L252P	Core genes	81	0	0	0	0	2	0	CD79B_Y196H/MYD88_L252P	0	0	0	0	2	0	0	PIM1_37171125-37171491_MISSENSE/PRDM1_106086554-106107486_FRAME_SHIFT
DLBCL10881	MCD	No	No	No	No	Yes	No	No	No	PIM1_G28D/PIM1_37171125-37171491_MISSENSE	Extended mutations	81	0	0	0	0	0	0		1	0	1	0	2	0	0	KLF2_16324924-16327031_FRAME_SHIFT/PIM1_G28D/PIM1_37171125-37171491_MISSENSE/PTPRK_127970227-128520358_NONSENSE
DLBCL11658	BN2	Yes	No	No	No	No	No	No	Yes	TNFAIP3_137871228-137881319_FRAME_SHIFT/TP53_CNA_GENE	Extended genes	81	0	0	0	0	0	0		1	0	0	0	0	0	1	TNFAIP3_137871228-137881319_FRAME_SHIFT/TP53_CNA_GENE
DLBCL11538	MCD	No	No	No	No	Yes	No	No	No	KLHL14_32674657-32770591_NONSENSE	Hierarchy extended	80	0	0	0	0	0	0		1	0	0	0	1	0	0	KLHL14_32674657-32770591_NONSENSE/TNFAIP3_137871228-137881319_NONSENSE
DLBCL11570	BN2	Yes	No	No	No	No	No	No	Yes	CD70_6586020-6591002_NONSENSE/TP53_CNA_GENE	Hierarchy extended	80	0	0	0	0	0	0		1	0	0	1	0	0	1	CD58_116514813-116570972_MISSENSE/CD70_6586020-6591002_NONSENSE/TP53_CNA_GENE
DLBCL11542	EZB	No	Yes	No	No	No	No	No	Yes	BCL2_63318463-63318573_MISSENSE/BCL2_TRANSLOC/CREBBP_3727721-3879911_FRAME_SHIFT/TNFRSF14_CNA_GENE/SESN1_CNA_GENE/REL_CNA_GENE/TP53_CNA_GENE	Core+extended genes	80	0	2	0	1	0	0	BCL2_63318463-63318573_MISSENSE/BCL2_TRANSLOC/SOCS1_11254843-11255478_FRAME_SHIFT	3	4	2	1	1	0	1	CREBBP_3727721-3879911_FRAME_SHIFT/TNFRSF14_CNA_GENE/SESN1_CNA_GENE/REL_CNA_GENE/SGK1_134172199-134207425_MISSENSE/PTPRK_CNA_GENE/PRDM1_CNA_GENE/TMEM30A_CNA_GENE/TNFAIP3_CNA_GENE/KLHL21_CNA_GENE/TP53_CNA_GENE/STAT6_CNA_GENE
DLBCL11676	BN2	Yes	No	No	No	No	No	No	No	BCL6_TRANSLOC	Core genes	80	1	0	0	0	0	0	BCL6_TRANSLOC	0	0	0	2	0	0	0	CD58_116514813-116570972_NONSENSE/NFKBIA_35402013-35404644_NONSENSE
DLBCL10455	TP53+	No	No	No	No	No	No	No	Yes	TP53_M237I	Only statuses	80	0	0	0	0	0	0		0	0	0	0	0	0	1	TP53_M237I
CTSP-AD14	BN2	Yes	No	No	No	No	No	Yes	Yes	TNFAIP3_137871228-137881319_FRAME_SHIFT/TNFAIP3_CNA_GENE/MYC_TRANSLOC/TP53_CNA_GENE	Extended mutations	79	0	0	0	0	0	0		2	1	1	0	1	1	1	MYC_TRANSLOC/TNFAIP3_137871228-137881319_FRAME_SHIFT/TNFAIP3_CNA_GENE/PRDM1_CNA_GENE/PTPRK_CNA_GENE/TP53_CNA_GENE/SESN1_CNA_GENE
DLBCL10867	MCD	No	No	No	No	Yes	No	No	Yes	MYD88_L252P/TP53_Y234N/TP53_CNA_GENE	Core genes	79	0	0	0	0	1	0	MYD88_L252P	2	1	1	0	1	0	2	TP53_Y234N/TP53_CNA_GENE/PRDM1_CNA_GENE/PTPRK_CNA_GENE/TMEM30A_CNA_GENE/TNFAIP3_CNA_GENE/SESN1_CNA_GENE
DLBCL10844	N1	No	No	No	No	No	Yes	Yes	No	NOTCH1_136496074-136497558_FRAME_SHIFT/CCND3_41935943-41936095_NONSENSE	Core genes	79	0	0	0	0	0	1	NOTCH1_136496074-136497558_FRAME_SHIFT	2	0	0	1	1	1	0	BCL10_85267630-85270618_FRAME_SHIFT/TNFAIP3_CNA_GENE/CCND3_41935943-41936095_NONSENSE/CD58_116514813-116570972_FRAME_SHIFT/TBL1XR1_Y446C
DLBCL10997	MCD	No	No	No	No	Yes	No	No	No	PRDM1_106086554-106107486_FRAME_SHIFT	Extended genes	79	0	0	0	0	0	0		0	0	0	0	1	0	0	PRDM1_106086554-106107486_FRAME_SHIFT
DLBCL11578	JS3	No	No	Yes	No	No	No	No	No	STAT3_D566N	Core genes	79	0	0	1	0	0	0	STAT3_D566N	1	1	0	3	0	0	0	IRF8_S55A/TNFAIP3_137871228-137881319_NONSENSE/JAK2_CNA_GENE/CD274_CNA_GENE/PDCD1LG2_CNA_GENE
DLBCL10509	BN2	Yes	No	No	No	No	No	No	No	BCL6_TRANSLOC	Core genes	79	1	0	0	0	0	0	BCL6_TRANSLOC	1	0	0	0	1	0	0	TNFAIP3_137871228-137881319_FRAME_SHIFT/CDKN2A_CNA_GENE
DLBCL11562	EZB	No	Yes	No	No	No	No	No	Yes	BCL2_TRANSLOC/TP53_R248Q	Core genes	79	0	1	0	0	0	0	BCL2_TRANSLOC	0	2	0	0	0	0	1	TP53_R248Q/GNA13_CNA_GENE/PTEN_CNA_GENE
DLBCL10896	BN2	Yes	No	No	No	No	No	No	No	BCL6_TRANSLOC/NOTCH2_119915309-119916694_FRAME_SHIFT	Core genes	79	2	0	0	0	0	0	BCL6_TRANSLOC/NOTCH2_119915309-119916694_FRAME_SHIFT	1	0	0	0	0	0	0	NOTCH2_CNA_GENE
DLBCL11480	MCD	No	No	No	No	Yes	No	No	Yes	BCL2_CNA_GENE/MALT1_CNA_GENE/TP53_CNA_GENE	Extended genes	79	0	0	0	0	0	0		1	0	0	0	2	0	1	BCL10_85270619-85276352_MISSENSE/TP53_CNA_GENE/BCL2_CNA_GENE/MALT1_CNA_GENE
DLBCL11005	N1	No	No	No	No	No	Yes	Yes	Yes	NOTCH1_136496074-136497558_FRAME_SHIFT/MYC_CNA_GENE/TP53_CNA_GENE	Core genes	79	0	0	0	0	0	1	NOTCH1_136496074-136497558_FRAME_SHIFT	0	0	0	0	2	1	1	BTG1_Q36H/CDKN2A_CNA_GENE/TP53_CNA_GENE/MYC_CNA_GENE
DLBCL10851	MCD	No	No	No	No	Yes	No	No	Yes	BCL2_CNA_GENE/MALT1_CNA_GENE/SPIB_CNA_GENE/TP53_Y205D	Extended genes	79	0	0	0	0	0	0		0	0	0	0	3	0	1	TP53_Y205D/BCL2_CNA_GENE/MALT1_CNA_GENE/SPIB_CNA_GENE
DLBCL11577	BN2/EZB	Yes	Yes	No	No	No	No	No	No	EP300_41166651-41176456_FRAME_SHIFT/SPEN_15848068-15939427_NONSENSE	Hierarchy extended	78	0	0	0	0	0	0		1	1	0	1	0	0	0	CD58_116514813-116570972_MISSENSE/EP300_41166651-41176456_FRAME_SHIFT/SPEN_15848068-15939427_NONSENSE
DLBCL10454	MCD	No	No	No	No	Yes	No	No	No	BCL2_CNA_GENE/MALT1_CNA_GENE	Extended genes	78	0	0	0	0	0	0		0	1	0	0	2	0	0	GNA13_CNA_GENE/BCL2_CNA_GENE/MALT1_CNA_GENE
DLBCL10864	EZB	No	Yes	No	No	No	No	No	No	BCL2_63318220-63318357_MISSENSE	Core genes	78	0	1	0	0	0	0	BCL2_63318220-63318357_MISSENSE	0	0	0	0	6	0	0	PIM1_L2F/PIM1_37171125-37171491_MISSENSE/PRDM1_106086554-106107486_FRAME_SHIFT/CDKN2A_CNA_GENE/BCL2_CNA_GENE/MALT1_CNA_GENE
DLBCL10893	MCD	No	No	No	No	Yes	No	No	Yes	CD79B_Y196H/TP53_CNA_GENE	Core genes	78	0	0	0	0	1	0	CD79B_Y196H	2	0	0	0	1	0	1	CARD11_C49Y/CARD11_K215M/PIM1_37171125-37171491_MISSENSE/TP53_CNA_GENE
CTSP-ADRS	MCD	No	No	No	No	Yes	No	No	No	MYD88_L252P	Core genes	78	0	0	0	0	1	0	MYD88_L252P	1	0	0	0	1	0	0	CXCR4_136114899-136114976_NONSENSE/CDKN2A_CNA_GENE
DLBCL11526	EZB	No	Yes	No	No	No	No	No	No	EZH2_A687V/CREBBP_3727721-3879911_FRAME_SHIFT/IRF8_85921150-85921279_FRAME_SHIFT/TNFRSF14_2556665-2563273_FRAME_SHIFT	Core+extended genes	77	1	1	0	1	0	0	BCL6_TRANSLOC/EZH2_A687V/STAT6_D419G	0	3	0	0	0	0	0	CREBBP_3727721-3879911_FRAME_SHIFT/IRF8_85921150-85921279_FRAME_SHIFT/TNFRSF14_2556665-2563273_FRAME_SHIFT
DLBCL10980	JS3	No	No	Yes	No	No	No	No	No	TET2_105233943-105276519_NONSENSE	Core genes	77	0	0	1	0	0	0	TET2_105233943-105276519_NONSENSE	1	1	1	0	4	0	0	CDKN2A_CNA_GENE/PRDM1_CNA_GENE/BCL2_CNA_GENE/MALT1_CNA_GENE/PTPRK_CNA_GENE/TNFAIP3_CNA_GENE/SESN1_CNA_GENE
DLBCL10859	MCD	No	No	No	No	Yes	No	No	Yes	BCL2_CNA_GENE/MALT1_CNA_GENE/SPIB_CNA_GENE/TP53_7669609-7676594_FRAME_SHIFT/TP53_CNA_GENE	Extended genes	77	0	0	0	0	0	0		0	1	0	0	3	0	2	TP53_7669609-7676594_FRAME_SHIFT/TP53_CNA_GENE/BCL2_CNA_GENE/MALT1_CNA_GENE/SPIB_CNA_GENE/REL_CNA_GENE
DLBCL10861	Other	No	No	No	No	No	No	No	No		No features	76	0	0	0	0	0	0		0	0	0	0	0	0	0	
DLBCL10967	MCD	No	No	No	No	Yes	No	No	Yes	BTG1_E50K/PRDM1_106086554-106107486_FRAME_SHIFT/BCL2_CNA_GENE/MALT1_CNA_GENE/TP53_CNA_GENE	Extended genes	76	0	0	0	0	0	0		0	0	0	0	4	0	1	BTG1_E50K/PRDM1_106086554-106107486_FRAME_SHIFT/BCL2_CNA_GENE/MALT1_CNA_GENE/TP53_CNA_GENE
DLBCL10998	BN2	Yes	No	No	No	No	No	No	No	NOTCH2_119915309-119916694_NONSENSE/BCL10_85267630-85270618_NONSENSE/SPEN_15848068-15939427_NONSENSE/TNFAIP3_137871228-137881319_FRAME_SHIFT/CD70_CNA_GENE	Core+extended genes	76	1	0	0	0	1	0	MYD88_L252P/NOTCH2_119915309-119916694_NONSENSE	4	0	1	0	0	0	0	BCL10_85267630-85270618_NONSENSE/SPEN_15848068-15939427_NONSENSE/TNFAIP3_137871228-137881319_FRAME_SHIFT/CD70_CNA_GENE/KRAS_25245346-25245351_MISSENSE
DLBCL10451	BN2	Yes	No	No	No	No	No	No	No	BCL6_TRANSLOC/BCL10_85267630-85270618_NONSENSE/TNFAIP3_CNA_GENE	Core+extended genes	76	1	1	0	0	0	0	BCL2_TRANSLOC/BCL6_TRANSLOC	2	1	0	0	0	0	0	BCL10_85267630-85270618_NONSENSE/TNFAIP3_CNA_GENE/CREBBP_3731264-3744909_MISSENSE
CTSP-ACZT	EZB	No	Yes	No	No	No	No	No	No	MEF2B_E77K	Extended genes	76	0	0	0	0	0	0		0	1	0	0	0	0	0	MEF2B_E77K
DLBCL10565	EZB	No	Yes	No	No	No	No	No	No	BCL2_63318220-63318357_MISSENSE/BCL2_TRANSLOC	Core genes	75	0	2	0	0	0	0	BCL2_63318220-63318357_MISSENSE/BCL2_TRANSLOC	1	0	1	1	0	0	0	SGK1_134172199-134207425_MISSENSE/ZFP36L1_68789533-68792938_FRAME_SHIFT/CD70_CNA_GENE
DLBCL10512	EZB	No	Yes	No	No	No	No	No	No	CREBBP_3727721-3879911_FRAME_SHIFT/TNFRSF14_2556665-2563273_FRAME_SHIFT	Extended genes	75	0	0	0	0	0	0		0	2	1	0	1	0	0	BRAF_V600E/CREBBP_3727721-3879911_FRAME_SHIFT/TNFRSF14_2556665-2563273_FRAME_SHIFT/CDKN2A_CNA_GENE
DLBCL10473	BN2	Yes	No	No	No	No	No	Yes	Yes	BCL10_85267630-85270618_NONSENSE/TMEM30A_CNA_GENE/TNFAIP3_CNA_GENE/CD70_CNA_GENE/KLF2_CNA_GENE/KLHL21_CNA_GENE/MYC_TRANSLOC/TP53_CNA_GENE	Extended genes	75	0	0	0	0	0	0		6	5	2	2	2	1	1	BCL10_85267630-85270618_NONSENSE/TMEM30A_CNA_GENE/TNFAIP3_CNA_GENE/CD70_CNA_GENE/KLF2_CNA_GENE/KLHL21_CNA_GENE/MYC_TRANSLOC/MYD88_S206C/PRDM1_CNA_GENE/PTPRK_CNA_GENE/JUNB_CNA_GENE/SMARCA4_CNA_GENE/TNFRSF14_CNA_GENE/CREBBP_CNA_GENE/SESN1_CNA_GENE/ARID1A_CNA_GENE/TP53_CNA_GENE/CD58_CNA_GENE/CIITA_CNA_GENE
DLBCL10846	BN2	Yes	No	No	No	No	No	No	Yes	BCL6_TRANSLOC/TP53_CNA_GENE	Core genes	75	1	0	0	0	0	0	BCL6_TRANSLOC	1	1	1	0	1	0	1	PRDM1_CNA_GENE/PTPRK_CNA_GENE/TNFAIP3_CNA_GENE/TP53_CNA_GENE/SESN1_CNA_GENE
DLBCL10505	JS6	No	No	No	Yes	No	No	No	No	SOCS1_11254843-11255478_FRAME_SHIFT/ZFP36L1_68789533-68792938_FRAME_SHIFT	Core+extended genes	75	0	1	0	1	0	0	EZH2_Y641N/SOCS1_11254843-11255478_FRAME_SHIFT	0	0	1	1	0	0	0	SGK1_134172199-134207425_MISSENSE/ZFP36L1_68789533-68792938_FRAME_SHIFT
DLBCL11559	EZB	No	Yes	No	No	No	No	No	Yes	BCL2_63318463-63318573_MISSENSE/BCL2_TRANSLOC/TP53_G262V/TP53_CNA_GENE	Core genes	75	0	2	0	0	0	0	BCL2_63318463-63318573_MISSENSE/BCL2_TRANSLOC	0	2	0	1	0	0	2	MEF2B_19146013-19147730_FRAME_SHIFT/TNFRSF14_2556665-2563273_FRAME_SHIFT/TP53_G262V/TP53_CNA_GENE/STAT6_CNA_GENE
DLBCL10982	MCD	No	No	No	No	Yes	No	No	No	MYD88_L252P	Core genes	75	0	0	0	0	1	0	MYD88_L252P	0	0	0	2	2	0	0	BCL2_CNA_GENE/MALT1_CNA_GENE/JAK2_CNA_GENE/CD274_CNA_GENE
DLBCL10970	EZB	No	Yes	No	No	No	No	No	No	PTEN_87864470-87965472_FRAME_SHIFT	Extended genes	75	0	0	0	0	0	0		0	1	0	0	0	0	0	PTEN_87864470-87965472_FRAME_SHIFT
DLBCL10959	BN2	Yes	No	No	No	No	No	No	No	BCL6_TRANSLOC	Core genes	75	1	0	0	0	0	0	BCL6_TRANSLOC	2	0	0	0	2	0	0	BTG1_92144080-92145535_NONSENSE/PRDM1_106086554-106107486_FRAME_SHIFT/TMEM30A_75256102-75284638_NONSENSE/CD70_CNA_GENE
DLBCL11458	EZB	No	Yes	No	No	No	No	No	No	BCL2_63318463-63318573_MISSENSE/TNFRSF14_2556665-2563273_FRAME_SHIFT/REL_CNA_GENE	Core+extended genes	75	1	1	0	0	0	0	BCL2_63318463-63318573_MISSENSE/BCL6_TRANSLOC	1	2	0	0	1	0	0	MYD88_M219T/TNFRSF14_2556665-2563273_FRAME_SHIFT/REL_CNA_GENE/TNFAIP3_CNA_GENE
DLBCL11459	JS3/JS6	No	No	Yes	Yes	No	No	No	No	SOCS1_11254843-11255478_NONSENSE/DUSP2_96144770-96145032_MISSENSE	Hierarchy core	75	0	0	1	1	0	0	DUSP2_96144770-96145032_MISSENSE/SOCS1_11254843-11255478_NONSENSE	1	0	0	0	0	0	0	KLF2_C274Y
TCGA-G8-6906	BN2	Yes	No	No	No	No	No	No	No	NOTCH2_119915309-119916694_NONSENSE	Core genes	74	1	0	0	0	0	0	NOTCH2_119915309-119916694_NONSENSE	3	2	1	0	2	0	0	TMEM30A_75256102-75284638_NONSENSE/TMEM30A_CNA_GENE/TNFAIP3_CNA_GENE/TNFRSF14_2556665-2563273_NONSENSE/SESN1_CNA_GENE/CDKN2A_CNA_GENE/PRDM1_CNA_GENE/PTPRK_CNA_GENE
DLBCL11446	JS6	No	No	No	Yes	No	No	No	No	SOCS1_11254843-11255478_FRAME_SHIFT/SOCS1_11254843-11255478_NONSENSE	Core genes	74	0	0	0	2	0	0	SOCS1_11254843-11255478_FRAME_SHIFT/SOCS1_11254843-11255478_NONSENSE	0	0	0	0	0	0	0	
DLBCL10514	EZB	No	Yes	No	No	No	No	No	Yes	BCL2_TRANSLOC/TP53_S215R/TP53_CNA_GENE	Core genes	74	0	1	0	0	0	0	BCL2_TRANSLOC	0	2	0	3	0	0	2	TNFRSF14_2556665-2563273_NONSENSE/REL_CNA_GENE/TP53_S215R/TP53_CNA_GENE/JAK2_CNA_GENE/CD274_CNA_GENE/PDCD1LG2_CNA_GENE
DLBCL10523	EZB	No	Yes	No	No	No	No	No	No	EZH2_A687V	Core genes	74	0	1	0	0	0	0	EZH2_A687V	0	5	0	1	0	0	0	CREBBP_3727721-3879911_FRAME_SHIFT/IRF8_85921150-85921279_FRAME_SHIFT/IRF8_T80A/RHOA_R5Q/REL_CNA_GENE/ZFP36L1_68789533-68792938_FRAME_SHIFT
DLBCL11481	BN2	Yes	No	No	No	No	No	No	No	BCL10_85267630-85270618_NONSENSE/SPEN_15848068-15939427_FRAME_SHIFT/TNFAIP3_137871228-137881319_NONSENSE	Extended genes	74	0	0	0	0	0	0		3	1	0	0	0	0	0	ARID1A_26696404-26780756_NONSENSE/BCL10_85267630-85270618_NONSENSE/SPEN_15848068-15939427_FRAME_SHIFT/TNFAIP3_137871228-137881319_NONSENSE
DLBCL10862	MCD	No	No	No	No	Yes	No	No	No	CD79B_Y196F	Core genes	74	0	0	0	0	1	0	CD79B_Y196F	0	0	0	0	4	0	0	PRDM1_106086554-106107486_NONSENSE/CDKN2A_CNA_GENE/BCL2_CNA_GENE/MALT1_CNA_GENE
DLBCL10988	EZB	No	Yes	No	No	No	No	No	Yes	SMARCA4_CNA_GENE/SESN1_CNA_GENE/SETD1B_CNA_GENE/TP53_7669609-7676594_FRAME_SHIFT/TP53_CNA_GENE	Extended genes	74	0	0	0	0	0	0		1	3	0	0	1	0	2	TP53_7669609-7676594_FRAME_SHIFT/TP53_CNA_GENE/PRDM1_CNA_GENE/SMARCA4_CNA_GENE/SESN1_CNA_GENE/SETD1B_CNA_GENE/CD70_CNA_GENE
DLBCL10929	JS3	No	No	Yes	No	No	No	No	No	STAT3_N647I/TET2_105233943-105276519_FRAME_SHIFT/TET2_105233943-105276519_NONSENSE	Core genes	74	0	0	3	0	0	0	STAT3_N647I/TET2_105233943-105276519_FRAME_SHIFT/TET2_105233943-105276519_NONSENSE	1	1	2	0	0	0	0	BCL10_85270619-85276352_MISSENSE/BRAF_K601E/JAK1_G1097S/TNFRSF14_2556665-2563273_FRAME_SHIFT
DLBCL10539	MCD	No	No	No	No	Yes	No	No	No	BCL2_CNA_GENE/MALT1_CNA_GENE	Extended genes	74	0	0	0	0	0	0		0	1	0	0	2	0	0	BCL2_CNA_GENE/MALT1_CNA_GENE/REL_CNA_GENE
CTSP-AD4V	MCD	No	No	No	No	Yes	No	No	No	CD79B_Y196C	Core genes	74	0	0	0	0	1	0	CD79B_Y196C	1	0	0	2	3	0	0	TMEM30A_75256102-75284638_FRAME_SHIFT/BCL2_CNA_GENE/MALT1_CNA_GENE/SPIB_CNA_GENE/JAK2_CNA_GENE/CD274_CNA_GENE
DLBCL10871	TP53+	No	No	No	No	No	No	No	Yes	TP53_Y220C	Only statuses	74	0	0	0	0	0	0		0	0	0	0	0	0	1	TP53_Y220C
DLBCL11673	EZB	No	Yes	No	No	No	No	No	Yes	GNA13_65014257-65056593_FRAME_SHIFT/TP53_Y234C	Extended genes	73	0	0	0	0	0	0		0	1	0	0	0	0	1	GNA13_65014257-65056593_FRAME_SHIFT/TP53_Y234C
DLBCL11508	BN2	Yes	No	No	No	No	No	No	No	BCL6_TRANSLOC	Core genes	73	1	0	0	0	0	0	BCL6_TRANSLOC	2	1	0	0	0	0	0	BCL10_85267630-85270618_FRAME_SHIFT/TNFAIP3_137871228-137881319_FRAME_SHIFT/PTEN_87864470-87965472_FRAME_SHIFT
DLBCL11515	EZB	No	Yes	No	No	No	No	Yes	No	BCL2_63318463-63318573_MISSENSE/MYC_TRANSLOC	Core genes	73	0	1	0	0	0	0	BCL2_63318463-63318573_MISSENSE	0	0	0	0	2	1	0	MYC_TRANSLOC/MYD88_V204F/CDKN2A_CNA_GENE
CTSP-ACZS	MYC+	No	No	No	No	No	No	Yes	No	MYC_S161L/MYC_TRANSLOC	Only statuses	73	0	0	0	0	0	0		0	0	0	0	0	2	0	MYC_S161L/MYC_TRANSLOC
DLBCL10555	EZB	No	Yes	No	No	No	No	Yes	No	BCL2_63318220-63318357_MISSENSE/BCL2_TRANSLOC/EZH2_Y641S/MYC_CNA_GENE	Core genes	73	0	3	0	0	0	0	BCL2_63318220-63318357_MISSENSE/BCL2_TRANSLOC/EZH2_Y641S	4	2	0	0	0	1	0	TNFAIP3_137871228-137881319_FRAME_SHIFT/TNFAIP3_CNA_GENE/CD70_CNA_GENE/KLHL21_CNA_GENE/TNFRSF14_CNA_GENE/ARID1A_CNA_GENE/MYC_CNA_GENE
DLBCL10898	MCD	No	No	No	No	Yes	No	No	Yes	IKZF3_L162R/PIM1_L2F/TP53_CNA_GENE	Extended genes	73	0	0	0	0	0	0		0	0	0	0	2	0	1	IKZF3_L162R/PIM1_L2F/TP53_CNA_GENE
DLBCL11188	MYC+/TP53+	No	No	No	No	No	No	Yes	Yes	CCND3_41935943-41936095_FRAME_SHIFT/TP53_R175H/TP53_CNA_GENE	Only statuses	73	0	0	0	0	0	0		0	0	0	0	0	1	2	CCND3_41935943-41936095_FRAME_SHIFT/TP53_R175H/TP53_CNA_GENE
DLBCL11489	JS3	No	No	Yes	No	No	No	No	Yes	DUSP2_96144770-96145032_FRAME_SHIFT/TET2_105233943-105276519_FRAME_SHIFT/TP53_R175H/TP53_R273C/TP53_CNA_GENE	Core genes	73	0	0	2	0	1	0	DUSP2_96144770-96145032_FRAME_SHIFT/TET2_105233943-105276519_FRAME_SHIFT/MYD88_L252P	0	0	0	0	2	0	3	PIM1_G28D/PIM1_P81S/TP53_R175H/TP53_R273C/TP53_CNA_GENE
DLBCL11666	EZB	No	Yes	No	No	No	No	No	Yes	BCL2_TRANSLOC/EZH2_Y641N/TP53_CNA_GENE	Core genes	72	0	2	0	0	0	0	BCL2_TRANSLOC/EZH2_Y641N	2	2	2	0	0	0	1	CREBBP_3727721-3879911_NONSENSE/TNFRSF14_CNA_GENE/MAP2K1_F53Y/PTPRK_CNA_GENE/TNFAIP3_CNA_GENE/CD70_CNA_GENE/TP53_CNA_GENE
CTSP-ACZW	MCD	No	No	No	No	Yes	No	No	No	MYD88_L252P	Core genes	72	0	0	0	0	1	0	MYD88_L252P	1	0	0	0	1	0	0	SPEN_15848068-15939427_NONSENSE/CDKN2A_CNA_GENE
DLBCL10482	MCD	No	No	No	No	Yes	No	No	No	CD79B_Y196N	Core genes	72	0	0	0	0	1	0	CD79B_Y196N	3	1	0	0	0	0	0	CD70_6586020-6591002_FRAME_SHIFT/TNFAIP3_137871228-137881319_FRAME_SHIFT/TNFAIP3_CNA_GENE/MEF2B_19146013-19147730_NONSENSE
DLBCL11477	BN2	Yes	No	No	No	No	No	Yes	No	BCL6_TRANSLOC/MYC_CNA_GENE	Core genes	72	1	0	0	0	0	0	BCL6_TRANSLOC	2	1	1	2	1	1	0	BRAF_G469A/CD58_116514813-116570972_MISSENSE/CD58_116514813-116570972_NONSENSE/IRF8_85921150-85921279_FRAME_SHIFT/MYD88_V204F/SPEN_15848068-15939427_FRAME_SHIFT/TNFAIP3_137871228-137881319_NONSENSE/MYC_CNA_GENE
DLBCL10516	MCD	No	No	No	No	Yes	No	No	No	MYD88_L252P	Core genes	72	0	0	0	0	1	0	MYD88_L252P	0	2	0	0	1	0	0	CREBBP_3731264-3744909_MISSENSE/IRF8_85921150-85921279_NONSENSE/CDKN2A_CNA_GENE
DLBCL10957	BN2/EZB	Yes	Yes	No	No	No	No	No	No	CREBBP_3727721-3879911_NONSENSE/SPEN_15848068-15939427_NONSENSE	Hierarchy extended	72	0	0	0	0	0	0		1	1	0	0	0	0	0	CREBBP_3727721-3879911_NONSENSE/SPEN_15848068-15939427_NONSENSE
DLBCL11649	MCD	No	No	No	No	Yes	No	No	No	BCL2_CNA_GENE/MALT1_CNA_GENE	Extended genes	71	0	0	0	0	0	0		1	1	0	0	2	0	0	CREBBP_3727721-3879911_FRAME_SHIFT/TMEM30A_CNA_GENE/BCL2_CNA_GENE/MALT1_CNA_GENE
TCGA-GR-A4D9	EZB	No	Yes	No	No	No	No	No	No	ARID1A_26696404-26780756_NONSENSE/CREBBP_3731264-3744909_MISSENSE	Extended genes	71	0	0	0	0	0	0		2	2	0	0	1	0	0	ARID1A_26696404-26780756_NONSENSE/CREBBP_3731264-3744909_MISSENSE/BCL10_85270619-85276352_MISSENSE/BCL10_85267630-85270618_NONSENSE/PRDM1_106086554-106107486_FRAME_SHIFT
CTSP-ACYM	EZB/MCD	No	Yes	No	No	Yes	No	No	No	FBXO11_CNA_GENE/SESN1_CNA_GENE/MYD88_M219T/PRDM1_106086554-106107486_NONSENSE/PRDM1_CNA_GENE	Hierarchy extended	71	0	0	0	0	0	0		3	2	1	2	3	0	0	CD70_6586020-6591002_NONSENSE/TMEM30A_75256102-75284638_FRAME_SHIFT/TMEM30A_CNA_GENE/MYD88_M219T/PRDM1_106086554-106107486_NONSENSE/PRDM1_CNA_GENE/NFKBIE_44259219-44265346_FRAME_SHIFT/NFKBIE_CNA_GENE/NRAS_Q61R/FBXO11_CNA_GENE/SESN1_CNA_GENE
TCGA-FM-8000	EZB	No	Yes	No	No	No	No	No	No	EZH2_Y641F	Core genes	71	0	1	0	0	0	0	EZH2_Y641F	0	3	0	0	0	0	0	ARID1A_26696404-26780756_NONSENSE/GNA13_CNA_GENE/REL_CNA_GENE
DLBCL11569	EZB	No	Yes	No	No	No	No	Yes	Yes	BCL2_63318463-63318573_MISSENSE/BCL2_TRANSLOC/MYC_TRANSLOC/TP53_7669609-7676594_FRAME_SHIFT/TP53_CNA_GENE	Core genes	71	0	2	0	0	0	0	BCL2_63318463-63318573_MISSENSE/BCL2_TRANSLOC	0	1	0	0	0	1	2	ARID1A_26696404-26780756_FRAME_SHIFT/MYC_TRANSLOC/TP53_7669609-7676594_FRAME_SHIFT/TP53_CNA_GENE
DLBCL10500	MCD	No	No	No	No	Yes	No	No	No	MYD88_L252P	Core genes	71	0	0	0	0	1	0	MYD88_L252P	0	0	0	0	3	0	0	CDKN2A_CNA_GENE/BCL2_CNA_GENE/MALT1_CNA_GENE
DLBCL10926	JS6	No	No	No	Yes	No	No	No	No	CD274_CNA_GENE	Extended genes	71	0	0	0	0	0	0		0	0	0	1	0	0	0	CD274_CNA_GENE
DLBCL11472	BN2	Yes	No	No	No	No	No	No	No	NOTCH2_119915309-119916694_FRAME_SHIFT	Core genes	71	1	0	0	0	0	0	NOTCH2_119915309-119916694_FRAME_SHIFT	0	0	0	1	0	0	0	CD58_116514813-116570972_FRAME_SHIFT
DLBCL11462	BN2	Yes	No	No	No	No	No	No	No	TMEM30A_75256102-75284638_NONSENSE/BCL10_CNA_GENE	Extended genes	70	0	0	0	0	0	0		2	0	0	1	0	0	0	CD58_116514813-116570972_FRAME_SHIFT/TMEM30A_75256102-75284638_NONSENSE/BCL10_CNA_GENE
CTSP-AD4K	N1	No	No	No	No	No	Yes	No	No	NOTCH1_136496074-136497558_FRAME_SHIFT	Core genes	70	0	0	0	0	0	1	NOTCH1_136496074-136497558_FRAME_SHIFT	1	0	0	1	0	0	0	CD58_116514813-116570972_FRAME_SHIFT/TNFAIP3_137871228-137881319_NONSENSE
DLBCL10951	Other	No	No	No	No	No	No	No	No		No features	70	0	0	0	0	0	0		0	0	0	0	0	0	0	
DLBCL10780	EZB	No	Yes	No	No	No	No	No	Yes	BCL2_TRANSLOC/TP53_CNA_GENE	Core genes	70	0	1	0	0	0	0	BCL2_TRANSLOC	0	1	0	0	0	0	1	TP53_CNA_GENE/REL_CNA_GENE
CTSP-AD0Z	EZB	No	Yes	No	No	No	No	No	Yes	BCL2_TRANSLOC/EZH2_Y641F/TP53_CNA_GENE	Core genes	70	1	2	0	0	0	0	BCL2_TRANSLOC/EZH2_Y641F/BCL6_TRANSLOC	2	3	1	1	0	0	1	CREBBP_3731264-3744909_MISSENSE/TNFRSF14_CNA_GENE/ARID1A_CNA_GENE/PTPN6_CNA_GENE/TNFAIP3_CNA_GENE/KLHL21_CNA_GENE/TP53_CNA_GENE/STAT6_CNA_GENE
CTSP-ACYH	MCD	No	No	No	No	Yes	No	No	Yes	MYD88_L252P/TP53_R248G/TP53_CNA_GENE	Core genes	70	0	0	0	0	1	0	MYD88_L252P	1	0	0	3	0	0	2	TP53_R248G/TP53_CNA_GENE/TMEM30A_CNA_GENE/JAK2_CNA_GENE/CD274_CNA_GENE/PDCD1LG2_CNA_GENE
DLBCL10466	EZB	No	Yes	No	No	No	No	Yes	Yes	BCL2_TRANSLOC/MYC_TRANSLOC/TP53_V216M	Core genes	69	0	1	0	0	0	0	BCL2_TRANSLOC	0	2	0	1	1	1	1	CREBBP_3731264-3744909_MISSENSE/REL_CNA_GENE/MYC_TRANSLOC/NFKBIA_35402013-35404644_FRAME_SHIFT/PIM1_37171125-37171491_MISSENSE/TP53_V216M
DLBCL11568	EZB	No	Yes	No	No	No	No	No	No	CREBBP_3731264-3744909_MISSENSE	Extended genes	69	0	0	0	0	0	0		0	1	0	0	0	0	0	CREBBP_3731264-3744909_MISSENSE
CTSP-ACZE	BN2	Yes	No	No	No	No	No	No	No	BCL6_TRANSLOC	Core genes	69	1	0	0	0	0	0	BCL6_TRANSLOC	4	2	1	0	1	0	0	BCL10_85267630-85270618_NONSENSE/TNFAIP3_137871228-137881319_NONSENSE/TMEM30A_CNA_GENE/TNFAIP3_CNA_GENE/CREBBP_3727721-3879911_FRAME_SHIFT/SESN1_CNA_GENE/PRDM1_CNA_GENE/PTPRK_CNA_GENE
DLBCL10475	EZB	No	Yes	No	No	No	No	No	No	BCL2_TRANSLOC	Core genes	69	0	1	0	0	0	0	BCL2_TRANSLOC	0	1	0	0	0	0	0	CREBBP_3731264-3744909_MISSENSE
DLBCL11441	BN2	Yes	No	No	No	No	No	No	No	TNFAIP3_CNA_GENE	Hierarchy extended	69	0	0	0	0	0	0		1	0	0	1	0	0	0	ZFP36L1_68789533-68792938_FRAME_SHIFT/TNFAIP3_CNA_GENE
DLBCL10491	JS3	No	No	Yes	No	No	No	Yes	Yes	TET2_105233943-105276519_NONSENSE/MYC_TRANSLOC/TP53_7669609-7676594_NONSENSE/TP53_CNA_GENE	Core genes	69	0	0	1	0	0	0	TET2_105233943-105276519_NONSENSE	0	2	1	0	0	1	2	MYC_TRANSLOC/PIK3CD_E1021K/TNFRSF14_2556665-2563273_NONSENSE/SGK1_134172199-134207425_MISSENSE/TP53_7669609-7676594_NONSENSE/TP53_CNA_GENE
CTSP-AD1Z	MCD	No	No	No	No	Yes	No	No	Yes	MYD88_L252P/TP53_CNA_GENE	Core genes	69	0	0	0	0	1	0	MYD88_L252P	2	1	1	0	4	0	1	PIM1_37171125-37171491_MISSENSE/CDKN2A_CNA_GENE/PRDM1_CNA_GENE/SPIB_CNA_GENE/PTPRK_CNA_GENE/TMEM30A_CNA_GENE/TNFAIP3_CNA_GENE/TP53_CNA_GENE/SESN1_CNA_GENE
DLBCL10554	JS6	No	No	No	Yes	No	No	Yes	No	STAT6_N421K/MYC_TRANSLOC	Core genes	68	0	0	0	1	0	0	STAT6_N421K	0	2	1	0	0	1	0	CREBBP_3727721-3879911_FRAME_SHIFT/TNFRSF14_2556665-2563273_NONSENSE/MAP2K1_F53L/MYC_TRANSLOC
DLBCL11514	MCD	No	No	No	No	Yes	No	No	No	MYD88_L252P	Core genes	68	0	0	0	0	1	0	MYD88_L252P	1	0	0	0	5	0	0	BTG1_92144080-92145535_FRAME_SHIFT/BTG2_203305607-203307438_FRAME_SHIFT/PIM1_37171125-37171491_MISSENSE/CDKN2A_CNA_GENE/SPIB_CNA_GENE/CD70_6586020-6591002_FRAME_SHIFT
DLBCL10503	JS3	No	No	Yes	No	No	No	No	No	TET2_105233943-105276519_FRAME_SHIFT	Core genes	68	0	0	1	0	0	0	TET2_105233943-105276519_FRAME_SHIFT	0	0	0	0	0	0	0	
DLBCL10471	MCD	No	No	No	No	Yes	No	No	No	CD79B_Y196F	Core genes	68	0	0	0	0	1	0	CD79B_Y196F	0	0	0	0	5	0	0	PRDM1_106086554-106107486_NONSENSE/CDKN2A_CNA_GENE/BCL2_CNA_GENE/MALT1_CNA_GENE/SPIB_CNA_GENE
DLBCL10995	N1	No	No	No	No	No	Yes	No	No	NOTCH1_136496074-136497558_FRAME_SHIFT	Core genes	68	0	0	0	0	0	1	NOTCH1_136496074-136497558_FRAME_SHIFT	0	0	0	0	0	0	0	
DLBCL11541	EZB	No	Yes	No	No	No	No	No	Yes	CREBBP_3731264-3744909_MISSENSE/IRF8_85921150-85921279_FRAME_SHIFT/TP53_Y234N	Extended genes	68	0	0	0	0	0	0		0	2	0	0	0	0	1	CREBBP_3731264-3744909_MISSENSE/IRF8_85921150-85921279_FRAME_SHIFT/TP53_Y234N
TCGA-GS-A9TV	Other	No	No	No	No	No	No	No	No		No features	68	0	0	0	0	0	0		0	0	0	0	0	0	0	
DLBCL10890	MCD	No	No	No	No	Yes	No	No	No	MYD88_L252P	Core genes	68	0	0	0	0	1	0	MYD88_L252P	0	0	0	0	1	0	0	PIM1_37171125-37171491_MISSENSE
DLBCL10845	MCD	No	No	No	No	Yes	No	No	Yes	MYD88_L252P/TP53_CNA_GENE	Core genes	68	0	0	0	0	1	0	MYD88_L252P	2	1	1	3	3	0	1	PRDM1_CNA_GENE/BCL2_CNA_GENE/MALT1_CNA_GENE/PTPRK_CNA_GENE/TMEM30A_CNA_GENE/TNFAIP3_CNA_GENE/TP53_CNA_GENE/SESN1_CNA_GENE/JAK2_CNA_GENE/CD274_CNA_GENE/PDCD1LG2_CNA_GENE
CTSP-AD13	BN2	Yes	No	No	No	No	No	Yes	No	BCL6_TRANSLOC/NOTCH2_119915309-119916694_NONSENSE/CCND3_41935943-41936095_NONSENSE	Core genes	67	2	0	0	0	0	0	BCL6_TRANSLOC/NOTCH2_119915309-119916694_NONSENSE	2	2	1	0	2	1	0	CCND3_41935943-41936095_NONSENSE/CDKN2A_CNA_GENE/PRDM1_CNA_GENE/PTPRK_CNA_GENE/CREBBP_CNA_GENE/SESN1_CNA_GENE/CD70_CNA_GENE/NOTCH2_CNA_GENE
CTSP-ACZC	MCD	No	No	No	No	Yes	No	No	Yes	CD79B_Y196N/TP53_CNA_GENE	Core genes	67	0	0	0	0	1	0	CD79B_Y196N	0	1	0	1	2	0	1	NFKBIE_44259219-44265346_FRAME_SHIFT/TP53_CNA_GENE/SETD1B_CNA_GENE/BCL2_CNA_GENE/MALT1_CNA_GENE
DLBCL10934	MCD	No	No	No	No	Yes	No	No	No	MYD88_M219T/BCL2_CNA_GENE/MALT1_CNA_GENE	Hierarchy extended	67	0	0	0	0	0	0		0	1	1	3	3	0	0	MYD88_M219T/BCL2_CNA_GENE/MALT1_CNA_GENE/SETD1B_121804738-121830239_NONSENSE/SGK1_134172199-134207425_FRAME_SHIFT/JAK2_CNA_GENE/CD274_CNA_GENE/PDCD1LG2_CNA_GENE
DLBCL10943	MCD	No	No	No	No	Yes	No	No	No	BCL2_CNA_GENE/MALT1_CNA_GENE	Extended genes	67	0	0	0	0	0	0		0	1	0	0	2	0	0	BCL2_CNA_GENE/MALT1_CNA_GENE/FAS_CNA_GENE
DLBCL10993	MCD	No	No	No	No	Yes	No	No	No	CD79B_Y196N	Hierarchy core	67	1	0	0	0	1	0	BCL6_TRANSLOC/CD79B_Y196N	0	1	0	0	0	0	0	IRF8_D400G
DLBCL10923	MCD	No	No	No	No	Yes	No	No	No	KLHL14_32674657-32770591_NONSENSE/PRDM1_106086554-106107486_FRAME_SHIFT	Extended genes	67	0	0	0	0	0	0		0	0	0	0	2	0	0	KLHL14_32674657-32770591_NONSENSE/PRDM1_106086554-106107486_FRAME_SHIFT
TCGA-RQ-A6JB	EZB	No	Yes	No	No	No	No	No	No	CREBBP_3727721-3879911_FRAME_SHIFT/IRF8_S55A/REL_CNA_GENE	Extended genes	66	0	0	0	0	0	0		1	3	0	1	0	0	0	CREBBP_3727721-3879911_FRAME_SHIFT/IRF8_S55A/REL_CNA_GENE/NFKBIE_44259219-44265346_FRAME_SHIFT/TNFAIP3_CNA_GENE
DLBCL11565	BN2	Yes	No	No	No	No	No	No	No	CARD11_G126D/CD70_CNA_GENE	Extended genes	66	0	0	0	0	0	0		2	0	2	0	0	0	0	CARD11_G126D/CD70_CNA_GENE/PTPRK_127970227-128520358_FRAME_SHIFT/PTPRK_CNA_GENE
DLBCL10878	MCD	No	No	No	No	Yes	No	Yes	No	MYD88_L252P/CCND3_41935943-41936095_FRAME_SHIFT	Core genes	66	0	0	0	0	1	0	MYD88_L252P	0	0	0	0	1	1	0	CCND3_41935943-41936095_FRAME_SHIFT/CDKN2A_CNA_GENE
CTSP-ACZU	BN2	Yes	No	No	No	No	No	No	Yes	TNFAIP3_137871228-137881319_FRAME_SHIFT/TP53_CNA_GENE	Extended genes	66	0	0	0	0	0	0		1	0	0	0	0	0	1	TNFAIP3_137871228-137881319_FRAME_SHIFT/TP53_CNA_GENE
DLBCL10895	MCD	No	No	No	No	Yes	No	No	No	CDKN2A_CNA_GENE/BCL2_CNA_GENE/MALT1_CNA_GENE	Extended genes	66	0	0	0	0	0	0		1	1	0	0	3	0	0	BCL10_85267630-85270618_NONSENSE/CREBBP_3727721-3879911_FRAME_SHIFT/CDKN2A_CNA_GENE/BCL2_CNA_GENE/MALT1_CNA_GENE
DLBCL10962	TP53+	No	No	No	No	No	No	No	Yes	TP53_CNA_GENE	Only statuses	66	0	0	0	0	0	0		0	0	0	0	0	0	1	TP53_CNA_GENE
TCGA-FF-A7CW	MCD	No	No	No	No	Yes	No	No	No	CDKN2A_CNA_GENE/PRDM1_CNA_GENE/BCL2_CNA_GENE/MALT1_CNA_GENE	Extended genes	66	0	0	0	0	0	0		0	0	0	0	4	0	0	CDKN2A_CNA_GENE/PRDM1_CNA_GENE/BCL2_CNA_GENE/MALT1_CNA_GENE
TCGA-FF-8043	EZB/MCD	No	Yes	No	No	Yes	No	No	Yes	REL_CNA_GENE/BTG1_92144080-92145535_FRAME_SHIFT/TP53_7669609-7676594_NONSENSE/TP53_CNA_GENE	Hierarchy extended	66	0	0	0	0	0	0		0	1	0	0	1	0	2	BTG1_92144080-92145535_FRAME_SHIFT/TP53_7669609-7676594_NONSENSE/TP53_CNA_GENE/REL_CNA_GENE
DLBCL10453	MCD	No	No	No	No	Yes	No	No	Yes	MYD88_L252P/TP53_CNA_GENE	Core genes	65	0	0	0	0	1	0	MYD88_L252P	2	0	0	0	0	0	1	TP53_CNA_GENE/CD70_CNA_GENE/BCL10_CNA_GENE
CTSP-AD4C	MCD	No	No	No	No	Yes	No	No	No	MYD88_L252P	Core genes	65	0	0	0	0	1	0	MYD88_L252P	0	0	0	0	3	0	0	PIM1_37171125-37171491_MISSENSE/TBL1XR1_177025498-177064977_FRAME_SHIFT/CDKN2A_CNA_GENE
DLBCL10481	EZB	No	Yes	No	No	No	No	No	No	BCL2_63318220-63318357_MISSENSE/BCL2_TRANSLOC/ARID1A_26696404-26780756_FRAME_SHIFT/CREBBP_3727721-3879911_FRAME_SHIFT/TNFRSF14_CNA_GENE	Core+extended genes	65	0	2	0	1	0	0	BCL2_63318220-63318357_MISSENSE/BCL2_TRANSLOC/SOCS1_11254843-11255478_FRAME_SHIFT	1	3	0	0	0	0	0	ARID1A_26696404-26780756_FRAME_SHIFT/CREBBP_3727721-3879911_FRAME_SHIFT/TNFRSF14_CNA_GENE/TNFAIP3_CNA_GENE
DLBCL10948	MCD	No	No	No	No	Yes	No	No	Yes	MYD88_L252P/TP53_CNA_GENE	Core genes	65	0	0	0	0	1	0	MYD88_L252P	0	0	0	0	5	0	1	PIM1_37171125-37171491_MISSENSE/BTG1_CNA_GENE/CDKN2A_CNA_GENE/BCL2_CNA_GENE/MALT1_CNA_GENE/TP53_CNA_GENE
DLBCL10834	BN2	Yes	No	No	No	No	No	No	Yes	BCL6_TRANSLOC/TP53_CNA_GENE	Core genes	65	1	0	0	0	0	0	BCL6_TRANSLOC	1	1	0	1	4	0	1	BTG1_92144080-92145535_FRAME_SHIFT/CDKN2A_CNA_GENE/BCL2_CNA_GENE/MALT1_CNA_GENE/SPEN_15848068-15939427_FRAME_SHIFT/TP53_CNA_GENE/CD58_CNA_GENE/ARID1A_CNA_GENE
DLBCL10533	MCD	No	No	No	No	Yes	No	No	Yes	CD79B_Y196S/MYD88_L252P/TP53_CNA_GENE	Core genes	64	0	0	0	0	2	0	CD79B_Y196S/MYD88_L252P	2	1	1	0	2	0	1	PRDM1_106086554-106107486_FRAME_SHIFT/PRDM1_CNA_GENE/PTPRK_CNA_GENE/TMEM30A_CNA_GENE/TNFAIP3_CNA_GENE/TP53_CNA_GENE/SESN1_CNA_GENE
DLBCL10521	MCD	No	No	No	No	Yes	No	No	Yes	MYD88_L252P/TP53_7669609-7676594_FRAME_SHIFT/TP53_CNA_GENE	Core genes	64	0	0	0	0	1	0	MYD88_L252P	1	0	0	0	4	0	2	BCL10_85267630-85270618_FRAME_SHIFT/PRDM1_106086554-106107486_FRAME_SHIFT/CDKN2A_CNA_GENE/BCL2_CNA_GENE/MALT1_CNA_GENE/TP53_7669609-7676594_FRAME_SHIFT/TP53_CNA_GENE
DLBCL11001	BN2	Yes	No	No	No	No	No	Yes	No	KLF2_16324924-16327031_FRAME_SHIFT/MYC_TRANSLOC	Hierarchy extended	64	0	0	0	0	0	0		1	0	0	1	0	1	0	KLF2_16324924-16327031_FRAME_SHIFT/MYC_TRANSLOC/NFKBIE_44259219-44265346_FRAME_SHIFT
DLBCL10510	EZB	No	Yes	No	No	No	No	Yes	Yes	TNFRSF14_CNA_GENE/ARID1A_CNA_GENE/CCND3_41935943-41936095_FRAME_SHIFT/TP53_CNA_GENE	Hierarchy extended	64	0	0	0	0	0	0		1	2	0	2	0	1	1	CCND3_41935943-41936095_FRAME_SHIFT/NFKBIE_44259219-44265346_FRAME_SHIFT/CD58_CNA_GENE/TNFRSF14_CNA_GENE/ARID1A_CNA_GENE/TP53_CNA_GENE/KLHL21_CNA_GENE
TCGA-FF-8046	BN2	Yes	No	No	No	No	No	No	No	TMEM30A_75256102-75284638_NONSENSE	Extended genes	64	0	0	0	0	0	0		1	0	0	0	0	0	0	TMEM30A_75256102-75284638_NONSENSE
DLBCL10493	JS3	No	No	Yes	No	No	No	No	No	TET2_105233943-105276519_FRAME_SHIFT	Core genes	63	0	0	1	0	0	0	TET2_105233943-105276519_FRAME_SHIFT	0	1	0	0	0	0	0	CREBBP_3727721-3879911_FRAME_SHIFT
DLBCL11444	EZB	No	Yes	No	No	No	No	No	No	BCL2_TRANSLOC	Core genes	63	0	1	0	0	0	0	BCL2_TRANSLOC	0	1	0	0	0	0	0	TNFRSF14_2556665-2563273_NONSENSE
DLBCL10887	MCD	No	No	No	No	Yes	No	Yes	No	PIM1_37171125-37171491_MISSENSE/CDKN2A_CNA_GENE/MYC_TRANSLOC	Extended genes	63	0	0	0	0	0	0		0	1	0	0	2	1	0	CREBBP_3727721-3879911_NONSENSE/MYC_TRANSLOC/PIM1_37171125-37171491_MISSENSE/CDKN2A_CNA_GENE
DLBCL10956	MCD	No	No	No	No	Yes	No	No	Yes	MYD88_L252P/TP53_R273C/TP53_CNA_GENE	Core genes	63	0	0	0	0	1	0	MYD88_L252P	1	0	0	0	2	0	2	TMEM30A_75256102-75284638_NONSENSE/TP53_R273C/TP53_CNA_GENE/BCL2_CNA_GENE/MALT1_CNA_GENE
DLBCL11255	MCD	No	No	No	No	Yes	No	No	No	CD79B_Y196S	Core genes	63	0	0	0	0	1	0	CD79B_Y196S	1	0	0	0	1	0	0	TNFAIP3_137871228-137881319_FRAME_SHIFT/CDKN2A_CNA_GENE
DLBCL11440	MCD	No	No	No	No	Yes	No	No	No	MYD88_L252P	Core genes	63	0	0	0	0	1	0	MYD88_L252P	1	0	0	0	2	0	0	CDKN2A_21968229-21974827_FRAME_SHIFT/PIM1_37171125-37171491_MISSENSE/TNFAIP3_137871228-137881319_FRAME_SHIFT
DLBCL10536	EZB	No	Yes	No	No	No	No	No	No	EZH2_Y641C	Core genes	62	0	1	0	0	0	0	EZH2_Y641C	1	0	0	0	0	0	0	CARD11_R113Q
DLBCL11509	JS6	No	No	No	Yes	No	No	No	No	CD58_116514813-116570972_MISSENSE	Extended genes	62	0	0	0	0	0	0		0	0	0	1	0	0	0	CD58_116514813-116570972_MISSENSE
DLBCL11667	EZB	No	Yes	No	No	No	No	No	No	EZH2_Y641F	Core genes	62	0	1	0	0	0	0	EZH2_Y641F	0	3	0	0	0	0	0	CREBBP_3727721-3879911_FRAME_SHIFT/GNA13_65014257-65056593_NONSENSE/TNFRSF14_2556665-2563273_NONSENSE
DLBCL10850	MCD	No	No	No	No	Yes	No	No	Yes	CD79B_Y196C/TP53_7669609-7676594_NONSENSE	Hierarchy core	62	1	0	0	0	1	0	BCL6_TRANSLOC/CD79B_Y196C	1	1	0	0	1	0	1	PRDM1_106086554-106107486_FRAME_SHIFT/TP53_7669609-7676594_NONSENSE/NOTCH2_CNA_GENE/REL_CNA_GENE
DLBCL10979	BN2	Yes	No	No	No	No	No	No	No	NOTCH2_119915309-119916694_FRAME_SHIFT	Core genes	61	1	0	0	0	0	0	NOTCH2_119915309-119916694_FRAME_SHIFT	0	0	0	0	0	0	0	
DLBCL10472	JS6	No	No	No	Yes	No	No	No	No	STAT6_D419G	Core genes	61	0	0	0	1	0	0	STAT6_D419G	0	3	0	0	0	0	0	CREBBP_3731264-3744909_MISSENSE/TNFRSF14_2556665-2563273_FRAME_SHIFT/TNFRSF14_2556665-2563273_NONSENSE
DLBCL11563	EZB	No	Yes	No	No	No	No	No	No	EZH2_Y641S	Core genes	61	0	1	0	0	0	0	EZH2_Y641S	0	0	0	0	0	0	0	
DLBCL10880	MCD	No	No	No	No	Yes	No	No	No	BTG2_203305607-203307438_NONSENSE/KLHL14_32674657-32770591_NONSENSE/CDKN2A_CNA_GENE/PRDM1_CNA_GENE/BCL2_CNA_GENE/MALT1_CNA_GENE	Extended genes	60	0	0	0	0	0	0		0	0	0	0	6	0	0	BTG2_203305607-203307438_NONSENSE/KLHL14_32674657-32770591_NONSENSE/CDKN2A_CNA_GENE/PRDM1_CNA_GENE/BCL2_CNA_GENE/MALT1_CNA_GENE
DLBCL11259	MCD	No	No	No	No	Yes	No	No	Yes	BCL2_CNA_GENE/MALT1_CNA_GENE/TP53_CNA_GENE	Extended genes	60	0	0	0	0	0	0		0	0	0	0	2	0	1	TP53_CNA_GENE/BCL2_CNA_GENE/MALT1_CNA_GENE
DLBCL10528	MCD	No	No	No	No	Yes	No	No	Yes	CDKN2A_CNA_GENE/BCL2_CNA_GENE/MALT1_CNA_GENE/TP53_7669609-7676594_FRAME_SHIFT/TP53_CNA_GENE	Extended genes	60	0	0	0	0	0	0		0	0	0	0	3	0	2	TP53_7669609-7676594_FRAME_SHIFT/TP53_CNA_GENE/CDKN2A_CNA_GENE/BCL2_CNA_GENE/MALT1_CNA_GENE
CTSP-AD4Q	JS3	No	No	Yes	No	No	No	No	No	DUSP2_96144770-96145032_MISSENSE	Core genes	60	0	0	1	0	0	0	DUSP2_96144770-96145032_MISSENSE	0	0	0	2	4	0	0	CD58_116514813-116570972_NONSENSE/STAT6_CNA_GENE/MYD88_T281/TBL1XR1_177025498-177064977_FRAME_SHIFT/BCL2_CNA_GENE/MALT1_CNA_GENE
DLBCL11680	EZB	No	Yes	No	No	No	No	Yes	No	BCL2_TRANSLOC/EZH2_Y641H/CCND3_41935943-41936095_FRAME_SHIFT	Core genes	60	0	2	0	0	0	0	BCL2_TRANSLOC/EZH2_Y641H	0	2	0	0	0	1	0	CCND3_41935943-41936095_FRAME_SHIFT/IRF8_S55A/TNFRSF14_2556665-2563273_NONSENSE
DLBCL11466	TP53+	No	No	No	No	No	No	No	Yes	TP53_Y205C	Only statuses	59	0	0	0	0	0	0		0	0	0	0	0	0	1	TP53_Y205C
DLBCL10501	EZB	No	Yes	No	No	No	No	No	Yes	BCL2_TRANSLOC/TP53_7669609-7676594_FRAME_SHIFT/TP53_CNA_GENE	Core genes	59	0	1	0	0	0	0	BCL2_TRANSLOC	3	6	2	1	2	0	2	CREBBP_3727721-3879911_NONSENSE/TNFRSF14_2556665-2563273_NONSENSE/FBXO11_CNA_GENE/TNFRSF14_CNA_GENE/SESN1_CNA_GENE/REL_CNA_GENE/TP53_7669609-7676594_FRAME_SHIFT/TP53_CNA_GENE/ZFP36L1_68789533-68792938_FRAME_SHIFT/CDKN2A_CNA_GENE/PRDM1_CNA_GENE/PTPRK_CNA_GENE/DNMT3A_CNA_GENE/TMEM30A_CNA_GENE/TNFAIP3_CNA_GENE/KLHL21_CNA_GENE
DLBCL11534	JS3	No	No	Yes	No	No	No	No	No	TET2_105233943-105276519_NONSENSE	Core genes	59	0	0	1	0	0	0	TET2_105233943-105276519_NONSENSE	0	0	0	0	0	0	0	
DLBCL11186	EZB	No	Yes	No	No	No	No	Yes	Yes	ARID1A_26696404-26780756_FRAME_SHIFT/CREBBP_3727721-3879911_FRAME_SHIFT/SMARCA4_10984152-11061816_FRAME_SHIFT/TNFRSF14_2556665-2563273_FRAME_SHIFT/CCND3_41935943-41936095_FRAME_SHIFT/TP53_7669609-7676594_FRAME_SHIFT/TP53_R282W	Extended genes	59	0	0	0	0	0	0		2	4	1	3	3	1	2	ARID1A_26696404-26780756_FRAME_SHIFT/CREBBP_3727721-3879911_FRAME_SHIFT/SMARCA4_10984152-11061816_FRAME_SHIFT/TNFRSF14_2556665-2563273_FRAME_SHIFT/BCL10_85267630-85270618_NONSENSE/SPEN_15848068-15939427_FRAME_SHIFT/CCND3_41935943-41936095_FRAME_SHIFT/PRDM1_106086554-106107486_FRAME_SHIFT/BCL2_CNA_GENE/MALT1_CNA_GENE/PTPN6_6951513-6960920_FRAME_SHIFT/TP53_7669609-7676594_FRAME_SHIFT/TP53_R282W/JAK2_CNA_GENE/CD274_CNA_GENE/PDCD1LG2_CNA_GENE
DLBCL10915	N1	No	No	No	No	No	Yes	No	Yes	NOTCH1_136496074-136497558_FRAME_SHIFT/TP53_CNA_GENE	Core genes	59	0	0	0	0	0	1	NOTCH1_136496074-136497558_FRAME_SHIFT	0	0	0	0	2	0	1	MYD88_S206C/CDKN2A_CNA_GENE/TP53_CNA_GENE
DLBCL10541	MYC+/TP53+	No	No	No	No	No	No	Yes	Yes	CCND3_41935943-41936095_FRAME_SHIFT/TP53_G244S/TP53_CNA_GENE	Only statuses	59	0	0	0	0	0	0		0	0	0	0	0	1	2	CCND3_41935943-41936095_FRAME_SHIFT/TP53_G244S/TP53_CNA_GENE
DLBCL11451	MCD	No	No	No	No	Yes	No	No	Yes	BCL2_CNA_GENE/MALT1_CNA_GENE/TP53_R248W/TP53_CNA_GENE	Extended genes	59	0	0	0	0	0	0		0	0	0	0	2	0	2	TP53_R248W/TP53_CNA_GENE/BCL2_CNA_GENE/MALT1_CNA_GENE
DLBCL10872	MCD	No	No	No	No	Yes	No	No	Yes	CDKN2A_CNA_GENE/TP53_R248Q/TP53_CNA_GENE	Extended genes	59	0	0	0	0	0	0		0	0	0	0	1	0	2	TP53_R248Q/TP53_CNA_GENE/CDKN2A_CNA_GENE
DLBCL10483	EZB	No	Yes	No	No	No	No	Yes	Yes	BCL2_TRANSLOC/MYC_TRANSLOC/TP53_CNA_GENE	Core genes	59	0	1	0	0	0	0	BCL2_TRANSLOC	0	1	0	0	2	1	1	MYC_TRANSLOC/TP53_CNA_GENE/BCL2_CNA_GENE/MALT1_CNA_GENE/REL_CNA_GENE
DLBCL10494	EZB	No	Yes	No	No	No	No	No	No	EZH2_Y641F	Core genes	58	0	1	0	0	0	0	EZH2_Y641F	0	0	0	0	0	0	0	
DLBCL11002	JS3	No	No	Yes	No	No	No	No	No	DNMT3A_25234279-25313984_NONSENSE/SGK1_134172199-134207425_MISSENSE	Extended genes	58	0	0	0	0	0	0		0	0	2	1	0	0	0	DNMT3A_25234279-25313984_NONSENSE/SGK1_134172199-134207425_MISSENSE/NFKBIA_35402013-35404644_FRAME_SHIFT
DLBCL10474	MYC+/TP53+	No	No	No	No	No	No	Yes	Yes	MYC_CNA_GENE/TP53_CNA_GENE	Only statuses	58	0	0	0	0	0	0		0	0	0	0	0	1	1	TP53_CNA_GENE/MYC_CNA_GENE
CTSP-B02H	MCD	No	No	No	No	Yes	No	No	No	CDKN2A_21968229-21974827_FRAME_SHIFT/BCL2_CNA_GENE/MALT1_CNA_GENE	Extended genes	57	0	0	0	0	0	0		0	0	0	0	3	0	0	CDKN2A_21968229-21974827_FRAME_SHIFT/BCL2_CNA_GENE/MALT1_CNA_GENE
DLBCL11596	Other	No	No	No	No	No	No	No	No		No features	57	0	0	0	0	0	0		0	0	0	0	0	0	0	
DLBCL10477	MYC+/TP53+	No	No	No	No	No	No	Yes	Yes	MYC_CNA_GENE/TP53_7669609-7676594_NONSENSE/TP53_CNA_GENE	Only statuses	57	0	0	0	0	0	0		0	0	0	0	0	1	2	TP53_7669609-7676594_NONSENSE/TP53_CNA_GENE/MYC_CNA_GENE
DLBCL10564	EZB	No	Yes	No	No	No	No	No	Yes	BCL2_63318463-63318573_MISSENSE/BCL2_63318220-63318357_MISSENSE/BCL2_TRANSLOC/TP53_CNA_GENE	Core genes	55	0	3	0	0	0	0	BCL2_63318463-63318573_MISSENSE/BCL2_63318220-63318357_MISSENSE/BCL2_TRANSLOC	1	1	1	0	2	0	1	BTG1_Q36H/PIM1_37171125-37171491_MISSENSE/SGK1_134172199-134207425_MISSENSE/TP53_CNA_GENE/CD70_CNA_GENE/REL_CNA_GENE
DLBCL10908	Other	No	No	No	No	No	No	No	No		No features	55	0	0	0	0	0	0		0	0	0	0	0	0	0	
CTSP-B02E	JS6	No	No	No	Yes	No	No	No	No	SOCS1_11254843-11255478_FRAME_SHIFT/SOCS1_11254843-11255478_NONSENSE	Core genes	55	0	0	0	2	0	0	SOCS1_11254843-11255478_FRAME_SHIFT/SOCS1_11254843-11255478_NONSENSE	0	0	1	0	1	0	0	KRAS_G12D/CDKN2A_CNA_GENE
DLBCL11353	MCD	No	No	No	No	Yes	No	No	Yes	CD79B_Y196H/MYD88_L252P/TP53_CNA_GENE	Core genes	55	0	1	0	0	2	0	BCL2_63318463-63318573_MISSENSE/CD79B_Y196H/MYD88_L252P	0	0	0	0	2	0	1	PIM1_37171125-37171491_MISSENSE/CDKN2A_CNA_GENE/TP53_CNA_GENE
DLBCL10849	MCD	No	No	No	No	Yes	No	No	Yes	MYD88_V204F/TP53_7669609-7676594_NONSENSE/TP53_CNA_GENE	Hierarchy extended	55	0	0	0	0	0	0		0	0	0	1	1	0	2	MYD88_V204F/NFKBIA_35402013-35404644_NONSENSE/TP53_7669609-7676594_NONSENSE/TP53_CNA_GENE
DLBCL10549	EZB	No	Yes	No	No	No	No	Yes	No	EZH2_Y641N/PIK3CD_E1021K/PTEN_R130Q/TNFRSF14_CNA_GENE/MYC_TRANSLOC	Core+extended genes	54	0	1	1	0	0	0	EZH2_Y641N/TET2_105233943-105276519_NONSENSE	0	3	0	0	0	1	0	MYC_TRANSLOC/PIK3CD_E1021K/PTEN_R130Q/TNFRSF14_CNA_GENE
DLBCL11684	JS6	No	No	No	Yes	No	No	Yes	No	STAT6_D419G/MYC_TRANSLOC/MYC_CNA_GENE	Core genes	54	0	0	0	1	0	0	STAT6_D419G	2	5	2	0	1	2	0	CREBBP_3731264-3744909_MISSENSE/TNFRSF14_2556665-2563273_NONSENSE/SMARCA4_CNA_GENE/SESN1_CNA_GENE/REL_CNA_GENE/MYC_TRANSLOC/MYC_CNA_GENE/PRDM1_CNA_GENE/PTPRK_CNA_GENE/JUNB_CNA_GENE/TNFAIP3_CNA_GENE/CD70_CNA_GENE
TCGA-GR-A4D5	MCD	No	No	No	No	Yes	No	No	No	MYD88_V204F	Hierarchy extended	53	0	0	0	0	0	0		0	0	1	0	1	0	0	DNMT3A_R882C/MYD88_V204F
DLBCL10479	MCD	No	No	No	No	Yes	No	No	Yes	CD79B_Y196F/MYD88_L252P/TP53_7669609-7676594_NONSENSE	Core genes	53	0	0	0	0	2	0	CD79B_Y196F/MYD88_L252P	0	0	0	0	3	0	1	PIM1_Q37H/PIM1_P81S/PIM1_37171125-37171491_MISSENSE/TP53_7669609-7676594_NONSENSE
DLBCL11000	MCD	No	No	No	No	Yes	No	No	No	CD79B_Y196H/MYD88_L252P	Core genes	52	0	1	0	0	2	0	BCL2_63318463-63318573_MISSENSE/CD79B_Y196H/MYD88_L252P	0	0	0	1	5	0	0	KLHL14_32674657-32770591_FRAME_SHIFT/PIM1_37171125-37171491_MISSENSE/TBL1XR1_Y395C/CDKN2A_CNA_GENE/SPIB_CNA_GENE/CD58_CNA_GENE
CTSP-ACYJ	BN2	Yes	No	No	No	No	No	No	No	BCL6_TRANSLOC	Core genes	52	1	0	0	0	0	0	BCL6_TRANSLOC	3	1	0	0	0	0	0	ARID1A_26696404-26780756_FRAME_SHIFT/BCL10_85270619-85276352_MISSENSE/TMEM30A_75256102-75284638_NONSENSE/BCL10_CNA_GENE
TCGA-G8-6914	EZB	No	Yes	No	No	No	No	No	No	MEF2B_19146013-19147730_FRAME_SHIFT/PIK3CA_E542K	Extended genes	51	0	0	0	0	0	0		0	2	0	1	0	0	0	MEF2B_19146013-19147730_FRAME_SHIFT/PIK3CA_E542K/NFKBIE_44259219-44265346_NONSENSE
TCGA-FA-A4BB	BN2	Yes	No	No	No	No	No	No	No	NOTCH2_119915309-119916694_NONSENSE/SPEN_15848068-15939427_NONSENSE	Core+extended genes	51	1	0	1	0	0	0	DUSP2_96144770-96145032_MISSENSE/NOTCH2_119915309-119916694_NONSENSE	1	1	0	0	0	0	0	SETD1B_121804738-121830239_FRAME_SHIFT/SPEN_15848068-15939427_NONSENSE
CTSP-ACY5	BN2	Yes	No	No	No	No	No	Yes	No	BCL6_TRANSLOC/NOTCH2_119915309-119916694_NONSENSE/CCND3_41935943-41936095_NONSENSE	Core genes	51	2	0	0	0	0	0	BCL6_TRANSLOC/NOTCH2_119915309-119916694_NONSENSE	5	0	0	0	0	1	0	BCL10_85270619-85276352_MISSENSE/BCL10_85267630-85270618_NONSENSE/CD70_6586020-6591002_NONSENSE/SPEN_15848068-15939427_FRAME_SHIFT/TNFAIP3_137871228-137881319_FRAME_SHIFT/CCND3_41935943-41936095_NONSENSE
DLBCL11197	MCD	No	No	No	No	Yes	No	No	Yes	MYD88_L252P/TP53_CNA_GENE	Core genes	50	0	0	0	0	1	0	MYD88_L252P	0	1	1	1	4	0	1	CD58_116514813-116570972_MISSENSE/CREBBP_3727721-3879911_FRAME_SHIFT/KLHL14_32674657-32770591_FRAME_SHIFT/KLHL14_32674657-32770591_NONSENSE/PIM1_P81S/PIM1_37171125-37171491_MISSENSE/SGK1_134172199-134207425_MISSENSE/TP53_CNA_GENE
DLBCL11484	TP53+	No	No	No	No	No	No	No	Yes	TP53_R248W/TP53_CNA_GENE	Only statuses	49	0	0	0	0	0	0		0	0	0	0	0	0	2	TP53_R248W/TP53_CNA_GENE
DLBCL11652	BN2	Yes	No	No	No	No	No	No	Yes	BCL10_85267630-85270618_FRAME_SHIFT/CXCR4_136114899-136114976_FRAME_SHIFT/KLF2_16324924-16327031_NONSENSE/TNFAIP3_137871228-137881319_FRAME_SHIFT/TP53_7669609-7676594_NONSENSE	Extended genes	49	0	0	0	0	0	0		4	0	0	0	0	0	1	BCL10_85267630-85270618_FRAME_SHIFT/CXCR4_136114899-136114976_FRAME_SHIFT/KLF2_16324924-16327031_NONSENSE/TNFAIP3_137871228-137881319_FRAME_SHIFT/TP53_7669609-7676594_NONSENSE
TCGA-G8-6324	N1	No	No	No	No	No	Yes	No	No	NOTCH1_136496074-136497558_FRAME_SHIFT	Core genes	49	0	0	0	0	0	1	NOTCH1_136496074-136497558_FRAME_SHIFT	0	0	0	0	0	0	0	
DLBCL10946	JS3	No	No	Yes	No	No	No	No	No	DUSP2_96144770-96145032_MISSENSE	Core genes	48	0	0	1	0	0	0	DUSP2_96144770-96145032_MISSENSE	0	0	0	1	0	0	0	CD274_CNA_GENE
DLBCL11572	EZB	No	Yes	No	No	No	No	No	No	BCL2_TRANSLOC	Core genes	48	0	1	0	0	0	0	BCL2_TRANSLOC	0	3	0	0	0	0	0	CREBBP_3727721-3879911_FRAME_SHIFT/MEF2B_D83V/REL_CNA_GENE
TCGA-RQ-AAAT	MCD	No	No	No	No	Yes	No	No	Yes	CD79B_Y196F/MYD88_L252P/TP53_CNA_GENE	Core genes	48	0	0	1	0	2	0	CD79B_Y196F/MYD88_L252P/STAT3_E616G	2	2	1	0	1	0	1	PRDM1_CNA_GENE/PTPRK_CNA_GENE/TMEM30A_CNA_GENE/TNFAIP3_CNA_GENE/TP53_CNA_GENE/SESN1_CNA_GENE/REL_CNA_GENE
DLBCL11469	EZB	No	Yes	No	No	No	No	No	No	BCL2_TRANSLOC	Core genes	48	0	1	0	0	0	0	BCL2_TRANSLOC	0	0	0	0	0	0	0	
DLBCL11346	MCD	No	No	No	No	Yes	No	No	No	MYD88_L252P	Core genes	47	0	0	0	0	1	0	MYD88_L252P	0	0	0	1	4	0	0	BTG1_A83T/PIM1_G28D/PIM1_37171125-37171491_MISSENSE/CDKN2A_CNA_GENE/CD58_116514813-116570972_NONSENSE
DLBCL11520	BN2	Yes	No	No	No	No	No	No	No	BCL6_TRANSLOC/CD70_6586020-6591002_NONSENSE/CD70_6586020-6591002_FRAME_SHIFT/TNFAIP3_137871228-137881319_FRAME_SHIFT/TNFAIP3_137871228-137881319_NONSENSE	Core+extended genes	47	1	0	0	0	1	0	BCL6_TRANSLOC/CD79B_Y196C	4	0	0	0	0	0	0	CD70_6586020-6591002_NONSENSE/CD70_6586020-6591002_FRAME_SHIFT/TNFAIP3_137871228-137881319_FRAME_SHIFT/TNFAIP3_137871228-137881319_NONSENSE
DLBCL10847	MCD	No	No	No	No	Yes	No	No	No	MYD88_L252P	Core genes	47	0	0	0	0	1	0	MYD88_L252P	0	0	0	0	3	0	0	BCL2_CNA_GENE/MALT1_CNA_GENE/SPIB_CNA_GENE
DLBCL10903	MYC+/TP53+	No	No	No	No	No	No	Yes	Yes	MYC_CNA_GENE/TP53_I195T/TP53_CNA_GENE	Only statuses	46	0	0	0	0	0	0		0	0	0	0	0	1	2	TP53_I195T/TP53_CNA_GENE/MYC_CNA_GENE
DLBCL10484	EZB	No	Yes	No	No	No	No	Yes	No	IRF8_85921150-85921279_FRAME_SHIFT/REL_CNA_GENE/MYC_TRANSLOC	Extended genes	46	0	0	0	0	0	0		1	2	0	0	0	1	0	IRF8_85921150-85921279_FRAME_SHIFT/REL_CNA_GENE/MYC_TRANSLOC/NOTCH2_CNA_GENE
DLBCL10954	MCD	No	No	No	No	Yes	No	No	Yes	BCL2_CNA_GENE/MALT1_CNA_GENE/TP53_G262V/TP53_CNA_GENE	Extended genes	46	0	0	0	0	0	0		0	0	0	0	2	0	2	TP53_G262V/TP53_CNA_GENE/BCL2_CNA_GENE/MALT1_CNA_GENE
DLBCL10920	MCD	No	No	No	No	Yes	No	No	No	MYD88_L252P	Core genes	46	0	0	0	0	1	0	MYD88_L252P	0	0	0	0	0	0	0	
CTSP-AD4D	MCD	No	No	No	No	Yes	No	No	No	CD79B_Y196H/KLHL14_32674657-32770591_FRAME_SHIFT/SPIB_CNA_GENE	Core+extended genes	46	0	0	1	0	1	0	CD79B_Y196H/TET2_105233943-105276519_FRAME_SHIFT	1	0	0	0	2	0	0	CARD11_G123D/KLHL14_32674657-32770591_FRAME_SHIFT/SPIB_CNA_GENE
DLBCL11475	MCD	No	No	No	No	Yes	No	No	No	PIM1_S75F	Hierarchy extended	46	0	0	0	0	0	0		0	0	0	1	1	0	0	NFKBIE_44259219-44265346_FRAME_SHIFT/PIM1_S75F
DLBCL10517	EZB	No	Yes	No	No	No	No	No	Yes	BCL2_63318463-63318573_MISSENSE/BCL2_63318220-63318357_MISSENSE/TP53_R175H/TP53_CNA_GENE	Core genes	45	0	2	0	0	0	0	BCL2_63318463-63318573_MISSENSE/BCL2_63318220-63318357_MISSENSE	0	0	0	0	1	0	2	PIM1_37171125-37171491_MISSENSE/TP53_R175H/TP53_CNA_GENE
DLBCL10545	EZB	No	Yes	No	No	No	No	No	No	ARID1A_26696404-26780756_NONSENSE/TNFRSF14_2556665-2563273_NONSENSE	Extended genes	44	0	0	0	0	0	0		1	2	0	0	0	0	0	ARID1A_26696404-26780756_NONSENSE/TNFRSF14_2556665-2563273_NONSENSE/BCL10_85267630-85270618_NONSENSE
DLBCL11476	BN2	Yes	No	No	No	No	No	No	No	NOTCH2_119915309-119916694_FRAME_SHIFT	Core genes	44	1	0	0	0	0	0	NOTCH2_119915309-119916694_FRAME_SHIFT	0	0	0	0	2	0	0	BCL2_CNA_GENE/MALT1_CNA_GENE
DLBCL11579	EZB	No	Yes	No	No	No	No	Yes	Yes	REL_CNA_GENE/MYC_TRANSLOC/TP53_7669609-7676594_NONSENSE/TP53_R282W	Extended genes	43	0	0	0	0	0	0		0	1	0	0	0	1	2	MYC_TRANSLOC/TP53_7669609-7676594_NONSENSE/TP53_R282W/REL_CNA_GENE
DLBCL11431	Other	No	No	No	No	No	No	No	No		No features	43	0	0	0	0	0	0		0	0	0	0	0	0	0	
DLBCL11651	EZB	No	Yes	No	No	No	No	No	No	BCL2_TRANSLOC	Core genes	43	0	1	0	0	0	0	BCL2_TRANSLOC	0	1	0	0	0	0	0	CREBBP_3731264-3744909_MISSENSE
DLBCL10911	EZB	No	Yes	No	No	No	No	No	Yes	EP300_41166651-41176456_FRAME_SHIFT/TP53_7669609-7676594_FRAME_SHIFT/TP53_CNA_GENE	Extended genes	43	0	0	0	0	0	0		0	1	0	0	0	0	2	EP300_41166651-41176456_FRAME_SHIFT/TP53_7669609-7676594_FRAME_SHIFT/TP53_CNA_GENE
TCGA-GR-A4D6	Other	No	No	No	No	No	No	No	No		No features	42	0	0	0	0	0	0		0	0	0	0	0	0	0	
DLBCL10933	MCD	No	No	No	No	Yes	No	No	No	CD79B_Y196S	Core genes	42	0	0	0	0	1	0	CD79B_Y196S	0	1	1	0	0	0	0	KRAS_G12R/FAS_CNA_GENE
TCGA-G8-6325	JS3	No	No	Yes	No	No	No	No	No	TET2_105233943-105276519_FRAME_SHIFT	Core genes	41	0	0	1	0	0	0	TET2_105233943-105276519_FRAME_SHIFT	1	0	0	1	0	0	0	NFKBIE_44259219-44265346_FRAME_SHIFT/TNFAIP3_137871228-137881319_FRAME_SHIFT
DLBCL10522	EZB	No	Yes	No	No	No	No	No	No	EZH2_Y641F/CREBBP_3731264-3744909_MISSENSE	Core+extended genes	41	0	1	0	1	0	0	EZH2_Y641F/STAT6_D419H	0	1	0	0	0	0	0	CREBBP_3731264-3744909_MISSENSE
DLBCL11483	Other	No	No	No	No	No	No	No	No		No features	40	0	0	0	0	0	0		0	0	0	0	0	0	0	
DLBCL11213	BN2	Yes	No	No	No	No	No	No	No	NOTCH2_119915309-119916694_FRAME_SHIFT	Core genes	40	1	0	0	0	0	0	NOTCH2_119915309-119916694_FRAME_SHIFT	1	2	1	0	0	0	0	CREBBP_3727721-3879911_FRAME_SHIFT/EP300_R1627W/PTPN6_6951513-6960920_FRAME_SHIFT/TNFAIP3_137871228-137881319_FRAME_SHIFT
DLBCL11211	BN2	Yes	No	No	No	No	No	Yes	Yes	BCL6_TRANSLOC/NOTCH2_119915309-119916694_FRAME_SHIFT/CCND3_41935943-41936095_FRAME_SHIFT/TP53_7669609-7676594_FRAME_SHIFT	Core genes	40	2	0	0	0	0	0	BCL6_TRANSLOC/NOTCH2_119915309-119916694_FRAME_SHIFT	1	1	0	3	1	1	1	CCND3_41935943-41936095_FRAME_SHIFT/EP300_R1627W/TP53_7669609-7676594_FRAME_SHIFT/CDKN2A_CNA_GENE/TNFAIP3_CNA_GENE/JAK2_CNA_GENE/CD274_CNA_GENE/PDCD1LG2_CNA_GENE
TCGA-G8-6907	EZB	No	Yes	No	No	No	No	No	No	EZH2_Y641S	Core genes	40	0	1	0	0	0	0	EZH2_Y641S	0	2	0	0	0	0	0	GNA13_65014257-65056593_NONSENSE/MEF2B_D83V
DLBCL10874	EZB/MCD	No	Yes	No	No	Yes	No	Yes	No	TNFRSF14_CNA_GENE/CREBBP_CNA_GENE/ARID1A_CNA_GENE/CDKN2A_CNA_GENE/BCL2_CNA_GENE/MALT1_CNA_GENE/MYC_CNA_GENE	Hierarchy extended	40	0	0	0	0	0	0		3	3	0	1	3	1	0	CARD11_D230N/KLF2_CNA_GENE/KLHL21_CNA_GENE/CDKN2A_CNA_GENE/BCL2_CNA_GENE/MALT1_CNA_GENE/TNFRSF14_CNA_GENE/CREBBP_CNA_GENE/ARID1A_CNA_GENE/CD58_CNA_GENE/MYC_CNA_GENE
DLBCL11567	EZB	No	Yes	No	No	No	No	No	No	BCL2_63318463-63318573_MISSENSE/BCL2_TRANSLOC/EZH2_Y641C	Core genes	38	0	3	0	0	0	0	BCL2_63318463-63318573_MISSENSE/BCL2_TRANSLOC/EZH2_Y641C	1	2	0	1	0	0	0	CD58_116514813-116570972_FRAME_SHIFT/CREBBP_3731264-3744909_MISSENSE/EP300_R1627W/TNFAIP3_137871228-137881319_NONSENSE
DLBCL11574	Other	No	No	No	No	No	No	No	No		No features	37	0	0	0	0	0	0		0	0	0	0	0	0	0	
DLBCL10906	MCD	No	No	No	No	Yes	No	No	No	BCL2_CNA_GENE/MALT1_CNA_GENE	Extended genes	36	0	0	0	0	0	0		0	0	0	0	2	0	0	BCL2_CNA_GENE/MALT1_CNA_GENE
DLBCL11185	BN2	Yes	No	No	No	No	No	No	No	BCL6_TRANSLOC/NOTCH2_119915309-119916694_NONSENSE	Core genes	34	2	0	1	0	0	0	BCL6_TRANSLOC/NOTCH2_119915309-119916694_NONSENSE/DUSP2_96144770-96145032_MISSENSE	2	0	0	0	2	0	0	CD70_6586020-6591002_FRAME_SHIFT/TMEM30A_75256102-75284638_NONSENSE/KLHL14_32674657-32770591_NONSENSE/PRDM1_106086554-106107486_NONSENSE
CTSP-AD1S	MCD	No	No	No	No	Yes	No	No	No	CD79B_Y196H/MYD88_L252P	Core genes	34	0	0	0	0	2	0	CD79B_Y196H/MYD88_L252P	0	1	0	1	2	0	0	SETD1B_121804738-121830239_NONSENSE/PRDM1_CNA_GENE/SPIB_CNA_GENE/CD58_CNA_GENE
DLBCL10869	BN2	Yes	No	No	No	No	No	No	No	NOTCH2_119915309-119916694_NONSENSE	Core genes	32	1	0	0	0	0	0	NOTCH2_119915309-119916694_NONSENSE	0	0	1	0	0	0	0	SGK1_134172199-134207425_MISSENSE
DLBCL11513	N1	No	No	No	No	No	Yes	Yes	No	NOTCH1_136496074-136497558_NONSENSE/CCND3_41935943-41936095_FRAME_SHIFT/MYC_TRANSLOC/CCND3_41935943-41936095_FRAME_SHIFT/MYC_TRANSLOC	Core genes	31	0	0	0	0	0	1	NOTCH1_136496074-136497558_NONSENSE	1	0	0	0	3	2	0	CCND3_41935943-41936095_FRAME_SHIFT/MYC_TRANSLOC/PIM1_37171125-37171491_MISSENSE/BCL2_CNA_GENE/MALT1_CNA_GENE/TNFAIP3_137871228-137881319_FRAME_SHIFT
DLBCL10952	N1	No	No	No	No	No	Yes	No	No	NOTCH1_136496074-136497558_FRAME_SHIFT	Core genes	29	0	0	0	0	0	1	NOTCH1_136496074-136497558_FRAME_SHIFT	1	0	0	0	0	0	0	TNFAIP3_137871228-137881319_FRAME_SHIFT
DLBCL10958	JS6	No	No	No	Yes	No	No	No	No	NFKBIA_35402013-35404644_NONSENSE	Extended genes	28	0	0	0	0	0	0		0	0	0	1	0	0	0	NFKBIA_35402013-35404644_NONSENSE
DLBCL11209	MCD	No	No	No	No	Yes	No	Yes	Yes	CD79B_Y196F/CDKN2A_CNA_GENE/BCL2_CNA_GENE/MALT1_CNA_GENE/CCND3_41935943-41936095_FRAME_SHIFT/CCND3_P284L/TP53_7669609-7676594_FRAME_SHIFT/TP53_7669609-7676594_NONSENSE/TP53_P278S	Core+extended genes	28	1	0	0	0	1	0	CD79B_Y196F/NOTCH2_119915309-119916694_FRAME_SHIFT	0	3	0	0	3	2	3	CCND3_41935943-41936095_FRAME_SHIFT/CCND3_P284L/CREBBP_3727721-3879911_FRAME_SHIFT/TNFRSF14_2556665-2563273_FRAME_SHIFT/CREBBP_CNA_GENE/TP53_7669609-7676594_FRAME_SHIFT/TP53_7669609-7676594_NONSENSE/TP53_P278S/CDKN2A_CNA_GENE/BCL2_CNA_GENE/MALT1_CNA_GENE
DLBCL11510	Other	No	No	No	No	No	No	No	No		No features	28	0	0	0	0	0	0		0	0	0	0	0	0	0	
DLBCL10877	BN2	Yes	No	No	No	No	No	Yes	No	KLF2_16324924-16327031_FRAME_SHIFT/TNFAIP3_137871228-137881319_FRAME_SHIFT/MYC_CNA_GENE	Extended genes	26	0	0	0	0	0	0		2	0	0	0	1	1	0	KLF2_16324924-16327031_FRAME_SHIFT/TNFAIP3_137871228-137881319_FRAME_SHIFT/CDKN2A_CNA_GENE/MYC_CNA_GENE
DLBCL11663	Other	No	No	No	No	No	No	No	No		No features	25	0	0	0	0	0	0		0	0	0	0	0	0	0	
DLBCL11201	MCD	No	No	No	No	Yes	No	No	No	CD79B_Y196H/MYD88_L252P	Core genes	25	0	0	0	0	2	0	CD79B_Y196H/MYD88_L252P	0	2	0	0	2	0	0	PIM1_37171125-37171491_MISSENSE/CDKN2A_CNA_GENE/RHOA_R5Q/SETD1B_121804738-121830239_NONSENSE
DLBCL10781	MCD	No	No	No	No	Yes	No	No	No	PRDM1_106086554-106107486_NONSENSE/CDKN2A_CNA_GENE/BCL2_CNA_GENE/MALT1_CNA_GENE/SPIB_CNA_GENE	Extended genes	24	0	0	0	0	0	0		0	0	0	0	5	0	0	PRDM1_106086554-106107486_NONSENSE/CDKN2A_CNA_GENE/BCL2_CNA_GENE/MALT1_CNA_GENE/SPIB_CNA_GENE
TCGA-G8-6326	Other	No	No	No	No	No	No	No	No		No features	24	0	0	0	0	0	0		0	0	0	0	0	0	0	
DLBCL11456	Other	No	No	No	No	No	No	No	No		No features	24	0	0	0	0	0	0		0	0	0	0	0	0	0	
DLBCL11487	TP53+	No	No	No	No	No	No	No	Yes	TP53_7669609-7676594_FRAME_SHIFT	Only statuses	19	0	0	0	0	0	0		0	0	0	0	0	0	1	TP53_7669609-7676594_FRAME_SHIFT
DLBCL11003	MCD	No	No	No	No	Yes	No	No	No	MYD88_S206C	Extended genes	19	0	0	0	0	0	0		0	0	0	0	1	0	0	MYD88_S206C
CTSP-B02G	BN2	Yes	No	No	No	No	No	No	No	TNFAIP3_137871228-137881319_FRAME_SHIFT/TMEM30A_CNA_GENE/TNFAIP3_CNA_GENE	Extended genes	12	0	0	0	0	0	0		3	1	1	0	1	0	0	TNFAIP3_137871228-137881319_FRAME_SHIFT/TMEM30A_CNA_GENE/TNFAIP3_CNA_GENE/PRDM1_CNA_GENE/PTPRK_CNA_GENE/SESN1_CNA_GENE
DLBCL11300	BN2	Yes	No	No	No	No	No	No	No	BCL6_TRANSLOC	Core genes	11	1	0	0	0	0	0	BCL6_TRANSLOC	0	0	0	0	0	0	0	
DLBCL10496	JS3	No	No	Yes	No	No	No	No	Yes	IRF4_C99R/TP53_V143M	Extended genes	10	0	0	0	0	0	0		0	0	1	0	0	0	1	IRF4_C99R/TP53_V143M
DLBCL11668	JS3	No	No	Yes	No	No	No	No	No	DUSP2_96144770-96145032_MISSENSE	Core genes	10	0	0	1	0	0	0	DUSP2_96144770-96145032_MISSENSE	3	0	0	3	0	0	0	BCL10_85267630-85270618_NONSENSE/CD70_6586020-6591002_FRAME_SHIFT/TNFAIP3_137871228-137881319_NONSENSE/JAK2_CNA_GENE/CD274_CNA_GENE/PDCD1LG2_CNA_GENE
DLBCL11525	EZB	No	Yes	No	No	No	No	Yes	No	BCL2_TRANSLOC/MYC_TRANSLOC	Core genes	8	0	1	0	0	0	0	BCL2_TRANSLOC	0	0	0	0	0	1	0	MYC_TRANSLOC
DLBCL11674	Other	No	No	No	No	No	No	No	No		No features	6	0	0	0	0	0	0		0	0	0	0	0	0	0	
DLBCL11517	BN2	Yes	No	No	No	No	No	Yes	No	BCL10_85267630-85270618_FRAME_SHIFT/TNFAIP3_137871228-137881319_FRAME_SHIFT/CCND3_I290R	Extended genes	6	0	0	0	0	0	0		2	0	0	0	0	1	0	BCL10_85267630-85270618_FRAME_SHIFT/TNFAIP3_137871228-137881319_FRAME_SHIFT/CCND3_I290R
DLBCL11184	MCD	No	No	No	No	Yes	No	No	Yes	BCL2_CNA_GENE/MALT1_CNA_GENE/TP53_7669609-7676594_NONSENSE/TP53_R273C	Extended genes	3	0	0	0	0	0	0		0	0	0	0	2	0	2	TP53_7669609-7676594_NONSENSE/TP53_R273C/BCL2_CNA_GENE/MALT1_CNA_GENE
DLBCL11561	Other	No	No	No	No	No	No	No	No		No features	3	0	0	0	0	0	0		0	0	0	0	0	0	0	
DLBCL11682	Other	No	No	No	No	No	No	No	No		No features	2	0	0	0	0	0	0		0	0	0	0	0	0	0	
DLBCL11580	MYC+	No	No	No	No	No	No	Yes	No	MYC_TRANSLOC	Only statuses	1	0	0	0	0	0	0		0	0	0	0	0	1	0	MYC_TRANSLOC
